Hour_End_North,Load,Settlement Point Price,Load Std,Price Std
11/1/2015 0:00,613.24058,19.68,-1.165127208,0.124177146
11/1/2015 1:00,588.7440354,19.13,-1.464674403,0.068945558
11/1/2015 2:00,573.7565624,17.80,-1.647943332,-0.064614463
11/1/2015 3:00,558.7908006,17.69,-1.830946773,-0.075660781
11/1/2015 4:00,557.1310969,17.69,-1.851241863,-0.075660781
11/1/2015 5:00,555.4653485,17.67,-1.871610869,-0.077669202
11/1/2015 6:00,557.9053541,17.67,-1.841774137,-0.077669202
11/1/2015 7:00,576.6370329,17.71,-1.612720533,-0.073652359
11/1/2015 8:00,601.4173674,19.88,-1.309703116,0.14426136
11/1/2015 9:00,640.5245321,19.68,-0.831495203,0.124177146
11/1/2015 10:00,664.8463406,20.79,-0.534084706,0.235644532
11/1/2015 11:00,667.3969152,21.27,-0.502895921,0.283846645
11/1/2015 12:00,664.7069099,19.42,-0.535789684,0.098067668
11/1/2015 13:00,664.0922011,19.75,-0.54330643,0.131206621
11/1/2015 14:00,665.3253359,19.43,-0.528227484,0.099071879
11/1/2015 15:00,666.2885951,19.90,-0.516448615,0.146269781
11/1/2015 16:00,671.5263993,19.73,-0.452400009,0.129198199
11/1/2015 17:00,677.6374486,20.78,-0.377673238,0.234640321
11/1/2015 18:00,693.4775771,22.26,-0.183977917,0.383263503
11/1/2015 19:00,717.1342109,20.39,0.10529873,0.195476105
11/1/2015 20:00,714.7634935,19.29,0.076309264,0.085012929
11/1/2015 21:00,689.2284138,19.67,-0.235937284,0.123172935
11/1/2015 22:00,656.1775188,17.54,-0.640088279,-0.090723941
11/1/2015 23:00,614.10584,16.12,-1.154546687,-0.233321858
11/2/2015 0:00,578.58203,13.42,-1.588936835,-0.504458743
11/2/2015 1:00,558.8443515,13.90,-1.830291945,-0.456256631
11/2/2015 2:00,546.5820787,12.77,-1.980236742,-0.569732438
11/2/2015 3:00,538.6713341,11.62,-2.07697044,-0.685216667
11/2/2015 4:00,543.164527,11.98,-2.022027045,-0.649065082
11/2/2015 5:00,553.1865061,13.18,-1.899476875,-0.5285598
11/2/2015 6:00,590.7938446,15.77,-1.439609047,-0.268469232
11/2/2015 7:00,657.3985157,17.74,-0.625157757,-0.070639727
11/2/2015 8:00,677.2550336,18.44,-0.382349461,-0.000344979
11/2/2015 9:00,685.8093275,20.64,-0.277746352,0.220581372
11/2/2015 10:00,702.4881878,20.08,-0.073794901,0.164345573
11/2/2015 11:00,713.1005657,20.24,0.055974749,0.180412944
11/2/2015 12:00,720.173701,20.93,0.142466043,0.249703482
11/2/2015 13:00,725.070063,21.82,0.202339446,0.339078233
11/2/2015 14:00,735.9601053,22.63,0.335504416,0.420419298
11/2/2015 15:00,743.4392283,24.06,0.426960184,0.564021426
11/2/2015 16:00,745.7468657,23.36,0.455178299,0.493726678
11/2/2015 17:00,745.630658,20.77,0.453757296,0.233636111
11/2/2015 18:00,742.3505087,20.11,0.413647168,0.167358205
11/2/2015 19:00,767.549887,17.98,0.721788711,-0.046538671
11/2/2015 20:00,755.3744292,17.26,0.5729055,-0.11884184
11/2/2015 21:00,732.5685518,15.39,0.294032022,-0.306629238
11/2/2015 22:00,700.5748614,17.65,-0.097191326,-0.079677623
11/2/2015 23:00,654.5242234,13.15,-0.660305008,-0.531572432
11/3/2015 0:00,611.10413,3.67,-1.19125202,-1.483564162
11/3/2015 1:00,592.3206588,3.63,-1.420938949,-1.487581005
11/3/2015 2:00,579.3987478,4.79,-1.578949895,-1.371092565
11/3/2015 3:00,572.5020066,2.71,-1.663284217,-1.579968388
11/3/2015 4:00,574.1800171,8.75,-1.642765268,-0.973425134
11/3/2015 5:00,577.8862486,9.05,-1.597444947,-0.943298813
11/3/2015 6:00,602.4183232,13.63,-1.297463288,-0.483370319
11/3/2015 7:00,665.2528506,14.64,-0.529113844,-0.38194504
11/3/2015 8:00,681.2759828,17.01,-0.33318073,-0.143947107
11/3/2015 9:00,694.1616763,18.61,-0.175612655,0.016726602
11/3/2015 10:00,705.8053063,18.28,-0.03323271,-0.01641235
11/3/2015 11:00,717.0996859,18.94,0.104876553,0.049865555
11/3/2015 12:00,724.4315953,17.86,0.194532173,-0.058589199
11/3/2015 13:00,731.1758602,18.79,0.277001994,0.034802395
11/3/2015 14:00,747.5194571,18.81,0.476853797,0.036810816
11/3/2015 15:00,760.9810047,19.44,0.641463495,0.100076089
11/3/2015 16:00,762.1769207,19.12,0.656087323,0.067941347
11/3/2015 17:00,764.3529248,18.89,0.682695808,0.044844502
11/3/2015 18:00,764.6626553,18.53,0.686483236,0.008692917
11/3/2015 19:00,783.4958819,17.20,0.916778581,-0.124867104
11/3/2015 20:00,773.025092,16.77,0.788740289,-0.168048164
11/3/2015 21:00,754.5389711,12.51,0.562689401,-0.595841916
11/3/2015 22:00,713.9966852,17.27,0.066932624,-0.117837629
11/3/2015 23:00,667.3657839,12.42,-0.503276599,-0.604879812
11/4/2015 0:00,623.98576,13.61,-1.033733635,-0.48537874
11/4/2015 1:00,597.3952754,9.90,-1.358885822,-0.857940905
11/4/2015 2:00,583.3210524,8.98,-1.530987402,-0.950328288
11/4/2015 3:00,576.2752092,6.86,-1.617144964,-1.163220953
11/4/2015 4:00,573.0427942,8.58,-1.656671389,-0.990496715
11/4/2015 5:00,583.1122457,15.41,-1.533540719,-0.304620817
11/4/2015 6:00,608.1170661,15.25,-1.227778257,-0.320688188
11/4/2015 7:00,672.0263398,14.68,-0.446286666,-0.377928197
11/4/2015 8:00,687.720873,17.32,-0.254371705,-0.112816576
11/4/2015 9:00,703.4712584,17.73,-0.061773775,-0.071643938
11/4/2015 10:00,715.1345847,18.30,0.08084702,-0.014403929
11/4/2015 11:00,730.4458371,17.62,0.268075169,-0.082690255
11/4/2015 12:00,737.4117465,18.25,0.353255289,-0.019424982
11/4/2015 13:00,743.3142942,19.22,0.425432472,0.077983454
11/4/2015 14:00,750.062731,18.48,0.507953308,0.003671864
11/4/2015 15:00,750.4076146,18.31,0.512170592,-0.013399718
11/4/2015 16:00,746.2524935,17,0.461361187,-0.144951318
11/4/2015 17:00,745.8892033,17.59,0.456918823,-0.085702887
11/4/2015 18:00,759.0653315,19.40,0.618038373,0.096059247
11/4/2015 19:00,783.7460845,17.84,0.919838093,-0.06059762
11/4/2015 20:00,771.5450832,17.28,0.770642534,-0.116833419
11/4/2015 21:00,753.8725371,16.33,0.554540152,-0.212233434
11/4/2015 22:00,719.2462375,16.49,0.131124888,-0.196166063
11/4/2015 23:00,675.8070173,14.76,-0.400056009,-0.369894512
11/5/2015 0:00,637.93252,12.68,-0.863190692,-0.578770334
11/5/2015 1:00,619.2631489,13.28,-1.091482389,-0.518517693
11/5/2015 2:00,608.8540914,13.04,-1.218765808,-0.542618749
11/5/2015 3:00,599.9099288,15.19,-1.328136288,-0.326713452
11/5/2015 4:00,596.3775729,16.86,-1.371330432,-0.159010268
11/5/2015 5:00,596.920461,19.57,-1.36469192,0.113130828
11/5/2015 6:00,625.9126857,19.10,-1.010170916,0.065932926
11/5/2015 7:00,691.371897,20.86,-0.20972647,0.242674007
11/5/2015 8:00,716.2339157,21.03,0.094289794,0.259745588
11/5/2015 9:00,738.4944193,22.43,0.366494364,0.400335084
11/5/2015 10:00,759.9241075,23.51,0.628539607,0.508789838
11/5/2015 11:00,778.8034207,22.22,0.859398505,0.37924666
11/5/2015 12:00,794.7965768,27.71,1.054965069,0.930558326
11/5/2015 13:00,793.5462538,33.71,1.039675943,1.533084738
11/5/2015 14:00,801.0063989,23.90,1.130899647,0.547954055
11/5/2015 15:00,805.4778309,21.46,1.185576947,0.302926648
11/5/2015 16:00,806.2370611,21.25,1.19486092,0.281838223
11/5/2015 17:00,800.8151584,20.44,1.128561132,0.200497158
11/5/2015 18:00,799.8052376,28.71,1.116211678,1.030979395
11/5/2015 19:00,818.0036342,20.22,1.338744232,0.178404523
11/5/2015 20:00,798.1753306,20.64,1.096280945,0.220581372
11/5/2015 21:00,774.3931639,19.65,0.805469264,0.121164514
11/5/2015 22:00,735.6153058,18.49,0.331288158,0.004676074
11/5/2015 23:00,687.5424091,19.53,-0.256553987,0.109113986
11/6/2015 0:00,642.32236,17.39,-0.80951111,-0.105787101
11/6/2015 1:00,605.9132248,16.93,-1.254727139,-0.151980793
11/6/2015 2:00,584.841977,17.07,-1.512389322,-0.137921843
11/6/2015 3:00,571.7766257,16.98,-1.672154277,-0.146959739
11/6/2015 4:00,568.5303653,17.05,-1.711850006,-0.139930265
11/6/2015 5:00,572.9105535,17.36,-1.658288448,-0.108799733
11/6/2015 6:00,600.9058147,20.72,-1.315958454,0.228615057
11/6/2015 7:00,660.3766332,20.02,-0.588740917,0.158320309
11/6/2015 8:00,681.8235314,21.23,-0.326485228,0.279829802
11/6/2015 9:00,694.8363144,22.88,-0.167363086,0.445524565
11/6/2015 10:00,703.8322366,30.88,-0.057359684,1.248893114
11/6/2015 11:00,711.6148049,23.21,0.037806657,0.478663518
11/6/2015 12:00,719.5407691,25.09,0.134726462,0.667455127
11/6/2015 13:00,715.3657096,24.45,0.083673248,0.603185643
11/6/2015 14:00,722.7064955,24.92,0.17343741,0.650383545
11/6/2015 15:00,721.5162631,24.69,0.158883081,0.627286699
11/6/2015 16:00,713.5148988,23.55,0.061041272,0.512806681
11/6/2015 17:00,706.9996019,23.59,-0.018628695,0.516823524
11/6/2015 18:00,716.3149301,23.90,0.095280449,0.547954055
11/6/2015 19:00,733.6219605,22.80,0.306913252,0.43749088
11/6/2015 20:00,720.8094011,21.64,0.150239473,0.32100244
11/6/2015 21:00,702.2573061,22.11,-0.076618156,0.368200342
11/6/2015 22:00,678.4915382,21.89,-0.36722931,0.346107707
11/6/2015 23:00,646.0775242,18.81,-0.763592434,0.036810816
11/7/2015 1:00,592.1969148,19.78,-1.422452108,0.134219253
11/7/2015 2:00,578.1591363,18.41,-1.594108039,-0.003357611
11/7/2015 3:00,565.5898421,18.13,-1.747807137,-0.03147551
11/7/2015 4:00,559.0067777,18.09,-1.828305775,-0.035492353
11/7/2015 5:00,565.6226607,18.06,-1.747405826,-0.038504985
11/7/2015 6:00,584.6496209,18.86,-1.514741479,0.04183187
11/7/2015 7:00,608.0277454,19.03,-1.228870483,0.058903451
11/7/2015 8:00,626.772589,24.07,-0.999655898,0.565025637
11/7/2015 9:00,651.3536097,21.32,-0.699075718,0.288867698
11/7/2015 10:00,669.0476187,19.31,-0.482710887,0.08702135
11/7/2015 11:00,678.6796032,18.37,-0.364929625,-0.007374454
11/7/2015 12:00,677.3437716,17.52,-0.381264361,-0.092732362
11/7/2015 13:00,672.6664772,17.09,-0.438458976,-0.135913422
11/7/2015 14:00,666.3712295,16.96,-0.515438149,-0.148968161
11/7/2015 15:00,663.2688223,16.91,-0.553374822,-0.153989214
11/7/2015 16:00,663.8376591,17.04,-0.546419005,-0.140934475
11/7/2015 17:00,665.2020002,18.42,-0.52973565,-0.002353401
11/7/2015 18:00,683.6915263,23.58,-0.303643123,0.515819313
11/7/2015 19:00,709.1637533,19.44,0.007834853,0.100076089
11/7/2015 20:00,697.0605479,18.79,-0.140164846,0.034802395
11/7/2015 21:00,683.5738304,18.05,-0.305082326,-0.039509196
11/7/2015 22:00,669.9446977,17.95,-0.471741278,-0.049551303
11/7/2015 23:00,642.324719,18.24,-0.809482264,-0.020429193
11/8/2015 0:00,609.48576,17.34,-1.211041676,-0.110808155
11/8/2015 1:00,591.5535719,16.89,-1.430318995,-0.155997635
11/8/2015 2:00,578.7342256,16.62,-1.587075765,-0.183111324
11/8/2015 3:00,575.1267887,15.93,-1.631188012,-0.252401861
11/8/2015 4:00,577.0951418,15.76,-1.607118712,-0.269473443
11/8/2015 5:00,581.4268327,15.78,-1.554150188,-0.267465022
11/8/2015 6:00,591.1232629,15.25,-1.435580874,-0.320688188
11/8/2015 7:00,617.5893806,15.39,-1.111949463,-0.306629238
11/8/2015 8:00,643.9273635,16.65,-0.789884902,-0.180098692
11/8/2015 9:00,669.5893679,17.45,-0.476086301,-0.099761837
11/8/2015 10:00,680.916328,17.48,-0.337578639,-0.096749205
11/8/2015 11:00,673.059547,18.26,-0.433652462,-0.018420772
11/8/2015 12:00,662.0087959,18.40,-0.568782602,-0.004361822
11/8/2015 13:00,656.9638792,18.83,-0.630472553,0.038819238
11/8/2015 14:00,654.6339923,19.02,-0.658962739,0.057899241
11/8/2015 15:00,652.726037,19.17,-0.682293484,0.072962401
11/8/2015 16:00,656.6129463,19.23,-0.63476381,0.078987665
11/8/2015 17:00,664.9148248,20.04,-0.533247272,0.160328731
11/8/2015 18:00,695.7709755,23.87,-0.155933919,0.544941423
11/8/2015 19:00,730.7904052,21.86,0.272288595,0.343095075
11/8/2015 20:00,723.4833077,19.39,0.182936379,0.095055036
11/8/2015 21:00,703.5700469,18.47,-0.060565776,0.002667653
11/8/2015 22:00,676.7511818,17.15,-0.388510633,-0.129888158
11/8/2015 23:00,634.288683,17.13,-0.907748044,-0.131896579
11/9/2015 0:00,602.56741,15.76,-1.295640233,-0.269473443
11/9/2015 1:00,581.6478669,14.02,-1.55144735,-0.444206102
11/9/2015 2:00,569.5109213,13.08,-1.699859628,-0.538601907
11/9/2015 3:00,562.4116005,11.95,-1.786671122,-0.652077714
11/9/2015 4:00,565.3392567,12.67,-1.75087133,-0.579774545
11/9/2015 5:00,578.2475944,16.07,-1.59302636,-0.238342912
11/9/2015 6:00,615.7653735,17.79,-1.134253679,-0.065618674
11/9/2015 7:00,681.1267608,18.48,-0.335005437,0.003671864
11/9/2015 8:00,704.5687175,19,-0.048353892,0.055890819
11/9/2015 9:00,709.5648115,19.52,0.012739049,0.108109775
11/9/2015 10:00,717.2394347,18.73,0.106585421,0.028777131
11/9/2015 11:00,719.722916,20.99,0.13695378,0.255728746
11/9/2015 12:00,718.7333749,19.02,0.124853532,0.057899241
11/9/2015 13:00,710.4291451,19.51,0.023308242,0.107105564
11/9/2015 14:00,707.618668,19.69,-0.011058667,0.125181357
11/9/2015 15:00,707.8554933,19.53,-0.008162734,0.109113986
11/9/2015 16:00,704.1465519,18.76,-0.053516192,0.031789763
11/9/2015 17:00,711.0523269,18.48,0.030928596,0.003671864
11/9/2015 18:00,725.8514904,19.31,0.21189485,0.08702135
11/9/2015 19:00,758.6130073,17.81,0.612507289,-0.063610252
11/9/2015 20:00,748.2086834,17.38,0.485281753,-0.106791312
11/9/2015 21:00,731.730987,12.49,0.283790162,-0.597850337
11/9/2015 22:00,707.384269,13.51,-0.013924932,-0.495420847
11/9/2015 23:00,662.1092297,12.54,-0.567554483,-0.592829284
11/10/2015 0:00,624.46859,13.94,-1.027829522,-0.452239788
11/10/2015 1:00,605.5759657,8.35,-1.258851191,-1.013593561
11/10/2015 2:00,596.1781744,11.60,-1.373768705,-0.687225088
11/10/2015 3:00,590.220024,12.56,-1.446625806,-0.590820862
11/10/2015 4:00,590.605731,12.80,-1.441909327,-0.566719806
11/10/2015 5:00,596.4278363,14.62,-1.370715804,-0.383953461
11/10/2015 6:00,630.5577474,17.28,-0.953370448,-0.116833419
11/10/2015 7:00,695.9667213,16.20,-0.153540312,-0.225288173
11/10/2015 8:00,708.9259097,17.72,0.004926468,-0.072648149
11/10/2015 9:00,715.1243691,18.57,0.080722101,0.01270976
11/10/2015 10:00,715.9922898,22.95,0.091335158,0.45255404
11/10/2015 11:00,723.026979,21.20,0.177356328,0.27681717
11/10/2015 12:00,725.0585784,21.73,0.202199011,0.330040336
11/10/2015 13:00,728.851481,21.28,0.248579157,0.284850856
11/10/2015 14:00,743.7710329,20.27,0.431017537,0.183425576
11/10/2015 15:00,749.8073921,18.82,0.504830988,0.037815027
11/10/2015 16:00,743.688364,18.38,0.43000665,-0.006370243
11/10/2015 17:00,743.5789937,19.21,0.428669255,0.076979244
11/10/2015 18:00,764.0403924,20.54,0.678874118,0.210539265
11/10/2015 19:00,786.6413289,16.52,0.95524155,-0.193153431
11/10/2015 20:00,776.8313759,15.64,0.835284063,-0.281523971
11/10/2015 21:00,761.5561283,15.90,0.648496187,-0.255414493
11/10/2015 22:00,725.6692665,13.78,0.209666591,-0.468307159
11/10/2015 23:00,682.9640741,13.71,-0.312538512,-0.475336634
11/11/2015 0:00,643.60941,13.05,-0.793772882,-0.541614539
11/11/2015 1:00,605.1398006,12.45,-1.264184679,-0.60186718
11/11/2015 2:00,589.4350326,13.11,-1.456224792,-0.535589275
11/11/2015 3:00,583.6550975,13.50,-1.526902652,-0.496425058
11/11/2015 4:00,581.797604,16.35,-1.549616344,-0.210225013
11/11/2015 5:00,583.0557871,17.13,-1.534231104,-0.131896579
11/11/2015 6:00,612.1793757,18.69,-1.178103764,0.024760288
11/11/2015 7:00,671.4338858,18.23,-0.453531277,-0.021433404
11/11/2015 8:00,692.8488066,18.21,-0.191666611,-0.023441825
11/11/2015 9:00,710.0700051,18.08,0.018916628,-0.036496564
11/11/2015 10:00,727.4891669,20.32,0.231920589,0.18844663
11/11/2015 11:00,746.0789004,20.46,0.459238466,0.202505579
11/11/2015 12:00,754.7311735,19.70,0.565039679,0.126185567
11/11/2015 13:00,762.0183309,20.97,0.654148066,0.253720324
11/11/2015 14:00,766.8523906,19.73,0.713259628,0.129198199
11/11/2015 15:00,765.2924677,17.66,0.694184671,-0.078673413
11/11/2015 16:00,755.018004,20.57,0.568547082,0.213551897
11/11/2015 17:00,744.1116794,24.40,0.435183011,0.59816459
11/11/2015 18:00,747.7570804,58.07,0.479759487,3.979341968
11/11/2015 19:00,758.1860047,35.39,0.607285841,1.701792133
11/11/2015 20:00,739.3603377,23.55,0.377082936,0.512806681
11/11/2015 21:00,719.1734693,23.36,0.130235068,0.493726678
11/11/2015 22:00,685.161175,21.16,-0.285672052,0.272800327
11/11/2015 23:00,645.6763158,18.22,-0.768498466,-0.022437614
11/12/2015 0:00,607.27183,17.95,-1.238113923,-0.049551303
11/12/2015 1:00,596.0131671,17.49,-1.375786437,-0.095744994
11/12/2015 2:00,585.1572913,16.71,-1.508533615,-0.174073428
11/12/2015 3:00,578.4042961,16.01,-1.59111019,-0.244368176
11/12/2015 4:00,581.3073478,16.82,-1.555611265,-0.16302711
11/12/2015 5:00,586.8056464,17.55,-1.488377296,-0.08971973
11/12/2015 6:00,632.1188486,24.56,-0.934281083,0.61423196
11/12/2015 7:00,703.4152545,19.68,-0.0624586,0.124177146
11/12/2015 8:00,724.0540233,19.62,0.18991517,0.118151882
11/12/2015 9:00,724.4730817,19.95,0.195039475,0.151290834
11/12/2015 10:00,724.4249132,21.05,0.194450463,0.26175401
11/12/2015 11:00,722.5236448,18.34,0.171201487,-0.010387086
11/12/2015 12:00,716.5725117,18.99,0.098430193,0.054886609
11/12/2015 13:00,706.2126977,20.32,-0.028251071,0.18844663
11/12/2015 14:00,711.9377534,19.40,0.041755716,0.096059247
11/12/2015 15:00,711.0334682,20.12,0.03069799,0.168362416
11/12/2015 16:00,705.6102881,19.69,-0.035617419,0.125181357
11/12/2015 17:00,706.854469,21.26,-0.0204034,0.282842434
11/12/2015 18:00,721.2395317,40.33,0.15549917,2.197872212
11/12/2015 19:00,755.0191437,20.29,0.568561019,0.185433998
11/12/2015 20:00,748.6774876,20.45,0.491014357,0.201501369
11/12/2015 21:00,737.8250044,18.81,0.358308664,0.036810816
11/12/2015 22:00,709.6022038,17.81,0.013196288,-0.063610252
11/12/2015 23:00,667.515509,16.88,-0.501445739,-0.157001846
11/13/2015 0:00,628.85102,15.35,-0.974240551,-0.310646081
11/13/2015 1:00,619.3397089,15.11,-1.090546203,-0.334747138
11/13/2015 2:00,609.5772421,14.36,-1.209923019,-0.410062939
11/13/2015 3:00,607.2550051,13.77,-1.238319661,-0.469311369
11/13/2015 4:00,610.4904137,13.63,-1.198756629,-0.483370319
11/13/2015 5:00,624.0418972,13.29,-1.033047182,-0.517513482
11/13/2015 6:00,664.9780589,17.24,-0.532474036,-0.120850261
11/13/2015 7:00,737.0366144,17.48,0.34866812,-0.096749205
11/13/2015 8:00,752.3906622,17.61,0.536419578,-0.083694466
11/13/2015 9:00,746.6354358,18.77,0.466043859,0.032793973
11/13/2015 10:00,733.5609171,17.76,0.306166805,-0.068631306
11/13/2015 11:00,724.4484346,17.82,0.194738087,-0.062606042
11/13/2015 12:00,715.6718146,17.96,0.087416342,-0.048547092
11/13/2015 13:00,698.4128948,18.15,-0.123628158,-0.029467089
11/13/2015 14:00,698.5639961,17.99,-0.12178047,-0.04553446
11/13/2015 15:00,689.2271144,18.03,-0.235953173,-0.041517617
11/13/2015 16:00,676.9981753,17.78,-0.385490361,-0.066622884
11/13/2015 17:00,673.9597718,18.03,-0.422644387,-0.041517617
11/13/2015 18:00,693.2594476,18.03,-0.186645236,-0.041517617
11/13/2015 19:00,719.8320401,17.02,0.138288164,-0.142942897
11/13/2015 20:00,713.3955979,16.45,0.059582444,-0.200182906
11/13/2015 21:00,701.7857631,15.37,-0.08238425,-0.30863766
11/13/2015 22:00,688.0651155,14.88,-0.25016226,-0.357843983
11/13/2015 23:00,659.1926508,13.59,-0.60321882,-0.487387162
11/14/2015 0:00,635.4184,13.92,-0.893933705,-0.454248209
11/14/2015 1:00,617.4077497,13.67,-1.11417047,-0.479353476
11/14/2015 2:00,605.4573955,12.96,-1.260301083,-0.550652435
11/14/2015 3:00,595.3124192,13.36,-1.384355281,-0.510484008
11/14/2015 4:00,593.1400315,13.48,-1.410919544,-0.498433479
11/14/2015 5:00,603.0442697,14.61,-1.289809126,-0.384957672
11/14/2015 6:00,627.4367705,14.67,-0.991534193,-0.378932408
11/14/2015 7:00,655.0757207,15.36,-0.653561221,-0.30964187
11/14/2015 8:00,676.9949025,17.08,-0.385530382,-0.136917632
11/14/2015 9:00,699.9600722,18.07,-0.104709055,-0.037500775
11/14/2015 10:00,708.5646291,17.83,0.000508678,-0.061601831
11/14/2015 11:00,699.208954,17.21,-0.113893834,-0.123862894
11/14/2015 12:00,690.9119209,17.34,-0.215351123,-0.110808155
11/14/2015 13:00,677.9863302,17.30,-0.373407064,-0.114824997
11/14/2015 14:00,667.3217537,17.23,-0.503815006,-0.121854472
11/14/2015 15:00,659.0784673,17.24,-0.604615072,-0.120850261
11/14/2015 16:00,661.1507473,17.28,-0.57927494,-0.116833419
11/14/2015 17:00,667.3419752,17.87,-0.503567735,-0.057584988
11/14/2015 18:00,695.6896131,18.09,-0.156928829,-0.035492353
11/14/2015 19:00,715.2800922,17.34,0.082626305,-0.110808155
11/14/2015 20:00,706.3350359,16.96,-0.026755102,-0.148968161
11/14/2015 21:00,693.4554183,14.64,-0.184248878,-0.38194504
11/14/2015 22:00,678.6260724,13.41,-0.365584207,-0.505462954
11/14/2015 23:00,650.8997966,12.39,-0.704625008,-0.607892444
11/15/2015 0:00,618.79277,10.25,-1.097234248,-0.822793531
11/15/2015 1:00,603.8984738,5.86,-1.279363798,-1.263642022
11/15/2015 2:00,587.964201,7.86,-1.474210328,-1.062799885
11/15/2015 3:00,582.4231076,7.34,-1.541967597,-1.11501884
11/15/2015 4:00,580.1461913,7.85,-1.56981005,-1.063804095
11/15/2015 5:00,583.2562935,2.93,-1.531779282,-1.557875753
11/15/2015 6:00,582.6535972,1.50,-1.539149139,-1.701477881
11/15/2015 7:00,604.6422624,3.02,-1.270268646,-1.548837857
11/15/2015 8:00,631.9604189,10.47,-0.936218385,-0.800700896
11/15/2015 9:00,664.2072365,12.32,-0.541899761,-0.614921919
11/15/2015 10:00,687.5336111,13.45,-0.256661569,-0.501446111
11/15/2015 11:00,691.5486596,12.50,-0.207564991,-0.596846127
11/15/2015 12:00,689.5615354,13.12,-0.231863826,-0.534585064
11/15/2015 13:00,691.341781,14,-0.210094732,-0.446214524
11/15/2015 14:00,689.1883844,15.37,-0.236426769,-0.30863766
11/15/2015 15:00,683.8637326,15.92,-0.301537361,-0.253406072
11/15/2015 16:00,690.055897,15.85,-0.225818703,-0.260435547
11/15/2015 17:00,710.023776,16.39,0.018351332,-0.20620817
11/15/2015 18:00,744.3468841,17.16,0.438059128,-0.128883947
11/15/2015 19:00,757.5271674,15.21,0.599229486,-0.324705031
11/15/2015 20:00,749.342088,13.83,0.499141183,-0.463286105
11/15/2015 21:00,726.698432,13.15,0.222251372,-0.531572432
11/15/2015 22:00,697.3378991,10.66,-0.136773357,-0.781620893
11/15/2015 23:00,654.3087684,7.73,-0.662939622,-1.075854624
11/16/2015 0:00,618.22612,9.32,-1.104163324,-0.916185125
11/16/2015 1:00,596.0092553,11.12,-1.375834272,-0.735427201
11/16/2015 2:00,586.603019,9.44,-1.490855053,-0.904134596
11/16/2015 3:00,577.595244,9.14,-1.601003393,-0.934260917
11/16/2015 4:00,581.0936166,9.45,-1.5582248,-0.903130386
11/16/2015 5:00,592.8092157,5.58,-1.414964806,-1.291759921
11/16/2015 6:00,622.7619632,10.82,-1.048698395,-0.765553522
11/16/2015 7:00,686.3871194,13.49,-0.270681032,-0.497429269
11/16/2015 8:00,715.249716,13.57,0.082254861,-0.489395583
11/16/2015 9:00,724.1595714,14.03,0.191205826,-0.443201892
11/16/2015 10:00,734.7729784,13.88,0.320988061,-0.458265052
11/16/2015 11:00,742.0016712,14,0.409381533,-0.446214524
11/16/2015 12:00,742.6395459,13.58,0.417181556,-0.488391372
11/16/2015 13:00,741.5096018,14,0.40336444,-0.446214524
11/16/2015 14:00,741.1196648,13.59,0.398596235,-0.487387162
11/16/2015 15:00,736.7099733,13.51,0.344673907,-0.495420847
11/16/2015 16:00,733.4228165,14.10,0.304478092,-0.436172417
11/16/2015 17:00,743.1117818,14.36,0.422956123,-0.410062939
11/16/2015 18:00,757.4817102,14.55,0.598673629,-0.390982936
11/16/2015 19:00,776.7205333,13.81,0.833928665,-0.465294527
11/16/2015 20:00,767.0372467,14.82,0.715520074,-0.363869247
11/16/2015 21:00,748.2710808,15.20,0.486044757,-0.325709241
11/16/2015 22:00,715.3725706,13.83,0.083757144,-0.463286105
11/16/2015 23:00,673.6123367,15.11,-0.426892872,-0.334747138
11/17/2015 0:00,636.6535,15.86,-0.878830728,-0.259431336
11/17/2015 1:00,620.1384828,15.93,-1.080778682,-0.252401861
11/17/2015 2:00,602.0566225,16.51,-1.301886215,-0.194157642
11/17/2015 3:00,589.6602848,15.82,-1.453470376,-0.263448179
11/17/2015 4:00,592.023558,16,-1.424571939,-0.245372387
11/17/2015 5:00,602.1589548,17.81,-1.300634881,-0.063610252
11/17/2015 6:00,613.8486466,13.67,-1.157691684,-0.479353476
11/17/2015 7:00,672.1452408,18.18,-0.444832727,-0.026454457
11/17/2015 8:00,702.7060691,16.72,-0.071130618,-0.173069217
11/17/2015 9:00,717.1082795,16.16,0.104981637,-0.229305016
11/17/2015 10:00,726.5196811,15.87,0.220065581,-0.258427125
11/17/2015 11:00,736.8476265,14.27,0.34635715,-0.419100835
11/17/2015 12:00,729.1451103,13.36,0.252169697,-0.510484008
11/17/2015 13:00,722.2223533,13.75,0.167517252,-0.471319791
11/17/2015 14:00,722.581089,13.95,0.171903922,-0.451235577
11/17/2015 15:00,719.8476971,13.47,0.138479621,-0.49943769
11/17/2015 16:00,709.9208214,14.78,0.017092388,-0.36788609
11/17/2015 17:00,715.4744301,16.86,0.085002696,-0.159010268
11/17/2015 18:00,737.4461426,28.57,0.353675889,1.016920445
11/17/2015 19:00,770.7849342,19.78,0.761347324,0.134219253
11/17/2015 20:00,769.4625819,19.68,0.745177415,0.124177146
11/17/2015 21:00,756.8801408,20.21,0.591317554,0.177400312
11/17/2015 22:00,723.7757248,19.60,0.186512096,0.11614346
11/17/2015 23:00,686.8789829,16.54,-0.264666455,-0.191145009
11/18/2015 0:00,647.78911,14.18,-0.742662922,-0.428138731
11/18/2015 1:00,624.1210236,14.31,-1.032079613,-0.415083992
11/18/2015 2:00,613.7307102,13.98,-1.159133827,-0.448222945
11/18/2015 3:00,614.2407803,13.88,-1.152896618,-0.458265052
11/18/2015 4:00,619.2369423,15.29,-1.091802846,-0.316671345
11/18/2015 5:00,628.9684136,13.95,-0.972805046,-0.451235577
11/18/2015 6:00,670.8093239,18.99,-0.461168507,0.054886609
11/18/2015 7:00,745.6155473,17.71,0.453572519,-0.073652359
11/18/2015 8:00,760.1100771,17.43,0.630813669,-0.101770258
11/18/2015 9:00,755.0576862,19.68,0.569032323,0.124177146
11/18/2015 10:00,744.2493036,17.66,0.436865899,-0.078673413
11/18/2015 11:00,737.2626703,17.28,0.351432364,-0.116833419
11/18/2015 12:00,721.7746686,15.65,0.1620429,-0.280519761
11/18/2015 13:00,716.028331,15.62,0.091775874,-0.283532393
11/18/2015 14:00,712.9736608,16.02,0.054422938,-0.243363965
11/18/2015 15:00,706.7653019,16.52,-0.021493748,-0.193153431
11/18/2015 16:00,698.8988367,17.44,-0.117685992,-0.100766048
11/18/2015 17:00,702.9674892,18.53,-0.067933937,0.008692917
11/18/2015 18:00,730.2452626,19.66,0.265622515,0.122168724
11/18/2015 19:00,754.6987347,17.71,0.564643013,-0.073652359
11/18/2015 20:00,747.1322669,17.66,0.47211918,-0.078673413
11/18/2015 21:00,736.218949,17.15,0.338669592,-0.129888158
11/18/2015 22:00,710.3968417,16.70,0.022913231,-0.175077639
11/18/2015 23:00,676.0663595,14.88,-0.396884736,-0.357843983
11/19/2015 0:00,642.01126,13.43,-0.813315285,-0.503454533
11/19/2015 1:00,628.9403386,13.19,-0.973148351,-0.527555589
11/19/2015 2:00,624.7373757,13.27,-1.024542773,-0.519521904
11/19/2015 3:00,624.7359473,12.64,-1.024560239,-0.582787177
11/19/2015 4:00,631.6752334,-0.99,-0.939705672,-1.951526342
11/19/2015 5:00,638.7367221,7.97,-0.853356795,-1.051753567
11/19/2015 6:00,680.4512782,14.97,-0.343265333,-0.348806087
11/19/2015 7:00,748.8506476,16.04,0.493131781,-0.241355544
11/19/2015 8:00,766.6055827,16.36,0.710241625,-0.209220802
11/19/2015 9:00,759.6481345,16.63,0.62516497,-0.182107113
11/19/2015 10:00,752.3327113,18.24,0.535710946,-0.020429193
11/19/2015 11:00,742.9415093,21.31,0.420874006,0.287863488
11/19/2015 12:00,736.4210253,22.32,0.34114061,0.389288767
11/19/2015 13:00,722.4491224,24.50,0.170290216,0.608206696
11/19/2015 14:00,714.9145662,23.10,0.078156602,0.4676172
11/19/2015 15:00,706.2712412,58.27,-0.027535192,3.999426182
11/19/2015 16:00,706.6976596,22.75,-0.022320888,0.432469826
11/19/2015 17:00,709.4144164,21.33,0.010899996,0.289871909
11/19/2015 18:00,725.4944226,49.64,0.207528575,3.13279236
11/19/2015 19:00,761.7470113,20.68,0.650830331,0.224598214
11/19/2015 20:00,755.770937,21.43,0.577754053,0.299914016
11/19/2015 21:00,746.6030705,20.92,0.465648092,0.248699271
11/19/2015 22:00,726.3036048,18.77,0.217423369,0.032793973
11/19/2015 23:00,686.8166876,17.62,-0.265428211,-0.082690255
11/20/2015 0:00,647.37625,16.75,-0.747711432,-0.170056585
11/20/2015 1:00,628.866995,14.74,-0.974045207,-0.371902933
11/20/2015 2:00,620.7821825,13.56,-1.072907432,-0.490399794
11/20/2015 3:00,619.3839643,13.59,-1.090005041,-0.487387162
11/20/2015 4:00,624.4244081,13.59,-1.028369785,-0.487387162
11/20/2015 5:00,640.0084101,16.26,-0.837806415,-0.219262909
11/20/2015 6:00,673.6638365,17.71,-0.426263125,-0.073652359
11/20/2015 7:00,743.3396321,16.84,0.425742308,-0.161018689
11/20/2015 8:00,758.2562249,16.87,0.608144504,-0.158006057
11/20/2015 9:00,752.8287957,17.19,0.541777136,-0.125871315
11/20/2015 10:00,747.8535152,17.02,0.480938706,-0.142942897
11/20/2015 11:00,739.0391876,14.26,0.373155867,-0.420105046
11/20/2015 12:00,727.4711928,13.11,0.2317008,-0.535589275
11/20/2015 13:00,714.8507109,14.29,0.077375771,-0.417092414
11/20/2015 14:00,713.1449902,16.54,0.056517978,-0.191145009
11/20/2015 15:00,705.4495173,16.91,-0.037583348,-0.153989214
11/20/2015 16:00,696.8073862,17.30,-0.143260543,-0.114824997
11/20/2015 17:00,693.9672009,18.53,-0.177990729,0.008692917
11/20/2015 18:00,708.5391003,18.25,0.000196508,-0.019424982
11/20/2015 19:00,735.6724932,16.77,0.331987454,-0.168048164
11/20/2015 20:00,725.5304409,14.22,0.207969011,-0.424121889
11/20/2015 21:00,713.5134649,14.03,0.061023738,-0.443201892
11/20/2015 22:00,701.6442634,15.85,-0.084114528,-0.260435547
11/20/2015 23:00,673.2466296,13.73,-0.431364791,-0.473328212
11/21/2015 0:00,645.39895,15.52,-0.771890135,-0.293574499
11/21/2015 1:00,621.0943868,14.59,-1.069089754,-0.386966093
11/21/2015 2:00,609.9902643,12.07,-1.204872527,-0.640027186
11/21/2015 3:00,605.2446618,1.28,-1.262902422,-1.723570516
11/21/2015 4:00,606.1529232,2.63,-1.251796073,-1.588002073
11/21/2015 5:00,619.8250563,7.94,-1.084611306,-1.054766199
11/21/2015 6:00,650.6125323,9.65,-0.708137716,-0.883046172
11/21/2015 7:00,690.7220418,9.20,-0.21767299,-0.928235653
11/21/2015 8:00,727.2102448,13.86,0.228509891,-0.460273473
11/21/2015 9:00,763.528376,13.77,0.672613109,-0.469311369
11/21/2015 10:00,790.1226732,14.78,0.997811918,-0.36788609
11/21/2015 11:00,785.1845744,14.94,0.937428151,-0.351818719
11/21/2015 12:00,770.6815454,14.50,0.760083071,-0.396003989
11/21/2015 13:00,751.7901814,14.31,0.529076814,-0.415083992
11/21/2015 14:00,734.6896279,15.61,0.319968839,-0.284536603
11/21/2015 15:00,723.2641519,15.48,0.180256511,-0.297591342
11/21/2015 16:00,724.7476134,15.35,0.198396487,-0.310646081
11/21/2015 17:00,730.7852689,16.59,0.272225788,-0.186123956
11/21/2015 18:00,768.0704619,18.34,0.728154375,-0.010387086
11/21/2015 19:00,807.0846232,18.06,1.205225029,-0.038504985
11/21/2015 20:00,808.5422642,18.59,1.223049269,0.014718181
11/21/2015 21:00,808.1841744,17.94,1.218670496,-0.050555513
11/21/2015 22:00,801.0204561,17.54,1.13107154,-0.090723941
11/21/2015 23:00,780.0784961,16.56,0.874990306,-0.189136588
11/22/2015 0:00,757.40885,15.29,0.597782684,-0.316671345
11/22/2015 1:00,750.2857876,14.95,0.510680874,-0.350814509
11/22/2015 2:00,748.9002696,14.63,0.493738565,-0.38294925
11/22/2015 3:00,752.0660028,14.63,0.532449596,-0.38294925
11/22/2015 4:00,764.4625355,14.58,0.684036143,-0.387970304
11/22/2015 5:00,775.7096071,15.23,0.821566917,-0.322696609
11/22/2015 6:00,798.866489,16.65,1.104732527,-0.180098692
11/22/2015 7:00,829.1860541,16.76,1.475484437,-0.169052374
11/22/2015 8:00,859.4355252,16.91,1.845379226,-0.153989214
11/22/2015 9:00,865.7825959,18,1.922992099,-0.044530249
11/22/2015 10:00,836.7634438,17.85,1.568141823,-0.05959341
11/22/2015 11:00,794.1032268,17.77,1.046486687,-0.067627095
11/22/2015 12:00,753.1262525,17.58,0.54541448,-0.086707098
11/22/2015 13:00,733.8317404,17.07,0.30947847,-0.137921843
11/22/2015 14:00,710.632365,16.90,0.025793243,-0.154993425
11/22/2015 15:00,690.8796375,16.87,-0.215745888,-0.158006057
11/22/2015 16:00,691.9772644,16.87,-0.202323952,-0.158006057
11/22/2015 17:00,706.4873326,16.96,-0.024892796,-0.148968161
11/22/2015 18:00,748.4269211,18.62,0.487950393,0.017730813
11/22/2015 19:00,786.9559438,18.40,0.959088705,-0.004361822
11/22/2015 20:00,791.0815009,18.13,1.009536598,-0.03147551
11/22/2015 21:00,787.5224235,17.88,0.966015698,-0.056580778
11/22/2015 22:00,770.7179877,16.94,0.760528693,-0.150976582
11/22/2015 23:00,739.9568137,15.46,0.384376729,-0.299599764
11/23/2015 0:00,712.79976,14.52,0.052296454,-0.393995568
11/23/2015 1:00,697.6605856,14.62,-0.132827501,-0.383953461
11/23/2015 2:00,696.0061979,14.64,-0.153057586,-0.38194504
11/23/2015 3:00,697.1679347,15.64,-0.138851705,-0.281523971
11/23/2015 4:00,710.8007098,16.61,0.027851787,-0.184115535
11/23/2015 5:00,733.8581546,16.94,0.309801467,-0.150976582
11/23/2015 6:00,785.908174,21.11,0.946276428,0.267779274
11/23/2015 7:00,854.0112945,22.49,1.77905097,0.406360349
11/23/2015 8:00,882.2257692,21.38,2.124061536,0.294892962
11/23/2015 9:00,859.3123358,21.32,1.843872848,0.288867698
11/23/2015 10:00,828.3833308,21.09,1.465668623,0.265770853
11/23/2015 11:00,797.3951132,19.24,1.086740338,0.079991876
11/23/2015 12:00,764.3205012,17.87,0.682299328,-0.057584988
11/23/2015 13:00,732.295381,17.60,0.290691652,-0.084698677
11/23/2015 14:00,729.7112638,16.68,0.259092703,-0.17708606
11/23/2015 15:00,721.0385201,16.16,0.153041172,-0.229305016
11/23/2015 16:00,714.2799196,15.79,0.070396055,-0.266460811
11/23/2015 17:00,724.3068256,15.97,0.193006472,-0.248385019
11/23/2015 18:00,762.0612801,17.81,0.654673254,-0.063610252
11/23/2015 19:00,799.345712,16.18,1.110592534,-0.227296594
11/23/2015 20:00,802.0320656,13.63,1.143441643,-0.483370319
11/23/2015 21:00,796.1715744,12.78,1.071778733,-0.568728227
11/23/2015 22:00,775.3175703,11.36,0.816773036,-0.711326145
11/23/2015 23:00,737.6933673,9.24,0.356698987,-0.92421881
11/24/2015 0:00,698.68032,6.61,-0.120358045,-1.18832622
11/24/2015 1:00,671.0099899,14.06,-0.458714735,-0.44018926
11/24/2015 2:00,663.4037028,13.73,-0.551725484,-0.473328212
11/24/2015 3:00,661.8712036,13.70,-0.5704651,-0.476340844
11/24/2015 4:00,673.0470248,13.92,-0.433805586,-0.454248209
11/24/2015 5:00,689.0629557,14.77,-0.237960529,-0.368890301
11/24/2015 6:00,716.9586166,15.95,0.103151539,-0.25039344
11/24/2015 7:00,776.285826,16.87,0.828613003,-0.158006057
11/24/2015 8:00,797.6511831,16.79,1.089871596,-0.166039742
11/24/2015 9:00,798.1924605,17.85,1.096490412,-0.05959341
11/24/2015 10:00,795.4215018,17.75,1.06260674,-0.069635517
11/24/2015 11:00,778.5928658,17.65,0.85682381,-0.079677623
11/24/2015 12:00,763.1139168,17.50,0.667545044,-0.094740784
11/24/2015 13:00,747.8171745,17.09,0.480494326,-0.135913422
11/24/2015 14:00,742.3285885,16.80,0.413379125,-0.165035532
11/24/2015 15:00,738.2529575,16.56,0.363541735,-0.189136588
11/24/2015 16:00,731.8305243,16.34,0.285007319,-0.211229223
11/24/2015 17:00,740.3648091,17.21,0.389365753,-0.123862894
11/24/2015 18:00,765.0777337,17.42,0.691558873,-0.102774469
11/24/2015 19:00,789.441268,16.48,0.989479599,-0.197170274
11/24/2015 20:00,784.9427751,16.11,0.934471395,-0.234326069
11/24/2015 21:00,771.2281647,15.85,0.766767209,-0.260435547
11/24/2015 22:00,742.6416328,14.73,0.417207074,-0.372907144
11/24/2015 23:00,709.2313041,12.64,0.008660873,-0.582787177
11/25/2015 0:00,669.94961,3.06,-0.47168121,-1.544821014
11/25/2015 1:00,642.1856398,5.28,-0.811182945,-1.321886242
11/25/2015 2:00,625.7755187,8,-1.011848214,-1.048740935
11/25/2015 3:00,617.4337357,10,-1.113852711,-0.847898798
11/25/2015 4:00,615.3341174,9.15,-1.139527138,-0.933256706
11/25/2015 5:00,623.1697703,12.35,-1.043711673,-0.611909287
11/25/2015 6:00,641.9262007,13.81,-0.814355402,-0.465294527
11/25/2015 7:00,680.9557399,15.58,-0.337096705,-0.287549235
11/25/2015 8:00,701.1810436,16.97,-0.089778845,-0.14796395
11/25/2015 9:00,723.5019315,17.03,0.183164114,-0.141938686
11/25/2015 10:00,738.6755358,17.24,0.368709081,-0.120850261
11/25/2015 11:00,750.9964592,16.88,0.519371068,-0.157001846
11/25/2015 12:00,743.1044441,16.64,0.422866396,-0.181102903
11/25/2015 13:00,737.4002496,16.67,0.353114703,-0.178090271
11/25/2015 14:00,735.1824437,16.12,0.325995061,-0.233321858
11/25/2015 15:00,726.555862,16.26,0.220508005,-0.219262909
11/25/2015 16:00,718.8925247,16.11,0.126799639,-0.234326069
11/25/2015 17:00,716.694122,17.24,0.09991726,-0.120850261
11/25/2015 18:00,739.6161708,17.70,0.3802113,-0.07465657
11/25/2015 19:00,755.1803774,15.41,0.570532607,-0.304620817
11/25/2015 20:00,746.9922613,14.83,0.470407172,-0.362865037
11/25/2015 21:00,734.3505894,13.46,0.315823029,-0.500441901
11/25/2015 22:00,712.6711951,14.85,0.050724344,-0.360856615
11/25/2015 23:00,682.1305339,14.91,-0.322731159,-0.354831351
11/26/2015 0:00,650.42376,10.67,-0.710446051,-0.780616682
11/26/2015 1:00,623.9232381,6.24,-1.034498162,-1.225482016
11/26/2015 2:00,602.5250137,0.14,-1.296158661,-1.838050534
11/26/2015 3:00,589.9665729,0.27,-1.449725043,-1.824995795
11/26/2015 4:00,584.7902117,6.08,-1.513022315,-1.241549387
11/26/2015 5:00,578.6551204,8.52,-1.588043075,-0.996521979
11/26/2015 6:00,590.3818481,14.13,-1.444646998,-0.433159785
11/26/2015 7:00,611.7642004,16.52,-1.183180586,-0.193153431
11/26/2015 8:00,642.3404365,18.04,-0.809290068,-0.040513407
11/26/2015 9:00,686.4188049,19.33,-0.270293577,0.089029772
11/26/2015 10:00,731.9841153,58.20,0.28688545,3.992396707
11/26/2015 11:00,758.7470287,22.63,0.614146122,0.420419298
11/26/2015 12:00,751.0703736,19.60,0.520274903,0.11614346
11/26/2015 13:00,714.9378103,19.65,0.078440834,0.121164514
11/26/2015 14:00,684.6529445,17.72,-0.291886766,-0.072648149
11/26/2015 15:00,663.6772217,17.67,-0.548380856,-0.077669202
11/26/2015 16:00,658.3739102,16.14,-0.613230495,-0.231313437
11/26/2015 17:00,658.5379625,17.58,-0.611224441,-0.086707098
11/26/2015 18:00,677.4853014,17.79,-0.379533715,-0.065618674
11/26/2015 19:00,681.6598176,18.01,-0.328487143,-0.043526039
11/26/2015 20:00,677.6215619,20.88,-0.377867503,0.244682428
11/26/2015 21:00,669.1300078,21.23,-0.481703421,0.279829802
11/26/2015 22:00,659.6000314,18.37,-0.598237313,-0.007374454
11/26/2015 23:00,647.5426427,32.86,-0.745676759,1.44772683
11/27/2015 0:00,628.10102,18.60,-0.983411657,0.015722392
11/27/2015 1:00,617.1300746,16.76,-1.117565921,-0.169052374
11/27/2015 2:00,602.1967642,15.78,-1.300172542,-0.267465022
11/27/2015 3:00,600.3058327,13.76,-1.323295119,-0.47031558
11/27/2015 4:00,601.9473611,12.78,-1.303222278,-0.568728227
11/27/2015 5:00,609.9510882,12.62,-1.205351578,-0.584795598
11/27/2015 6:00,636.0425704,13.28,-0.886301262,-0.518517693
11/27/2015 7:00,668.3218174,12.83,-0.491586087,-0.563707174
11/27/2015 8:00,699.4939475,14.18,-0.110408893,-0.428138731
11/27/2015 9:00,739.5060018,16.32,0.378864137,-0.213237645
11/27/2015 10:00,770.6865664,17.48,0.760144468,-0.096749205
11/27/2015 11:00,793.72818,18.55,1.041900562,0.010701338
11/27/2015 12:00,810.7530053,21.46,1.250082521,0.302926648
11/27/2015 13:00,813.4530854,21.07,1.283099481,0.263762431
11/27/2015 14:00,821.5391638,31.33,1.381977186,1.294082595
11/27/2015 15:00,824.5828032,21.33,1.419195237,0.289871909
11/27/2015 16:00,833.8698274,22.66,1.532758276,0.42343193
11/27/2015 17:00,845.9102533,93.82,1.679990297,7.56939517
11/27/2015 18:00,875.7495919,32.55,2.044869929,1.416596298
11/27/2015 19:00,900.893004,38.89,2.35232711,2.053265873
11/27/2015 20:00,893.3420453,23.29,2.259992925,0.486697203
11/27/2015 21:00,882.4770291,76.70,2.127133977,5.850186476
11/27/2015 22:00,863.2329946,44.84,1.891815215,2.650771231
11/27/2015 23:00,832.7893799,20.74,1.519546412,0.230623479
11/28/2015 0:00,808.5259,43.41,1.222849165,2.507169103
11/28/2015 1:00,801.9422902,73.94,1.142343858,5.573024327
11/28/2015 2:00,790.2762228,19.43,0.999689543,0.099071879
11/28/2015 3:00,786.2629294,28.27,0.950614427,0.986794125
11/28/2015 4:00,788.7633226,21.45,0.981189587,0.301922437
11/28/2015 5:00,798.8706282,19.71,1.104783142,0.127189778
11/28/2015 6:00,819.5307429,22.18,1.357417932,0.375229817
11/28/2015 7:00,845.8200602,46.54,1.678887403,2.821487048
11/28/2015 8:00,874.7700828,25.53,2.032892353,0.711640397
11/28/2015 9:00,904.2225203,24.97,2.393040903,0.655404599
11/28/2015 10:00,928.4484673,56.82,2.689279192,3.853815633
11/28/2015 11:00,932.4249284,23.44,2.737903919,0.501760364
11/28/2015 12:00,925.8265774,26.75,2.657218354,0.834154101
11/28/2015 13:00,911.1757268,21.94,2.478065692,0.351128761
11/28/2015 14:00,897.7276341,20.91,2.313620522,0.24769506
11/28/2015 15:00,885.1055518,20.62,2.159275923,0.21857295
11/28/2015 16:00,876.8237218,20.80,2.058004541,0.236648743
11/28/2015 17:00,880.7939021,30.19,2.106552464,1.179602577
11/28/2015 18:00,911.9469075,23.12,2.487495798,0.469625622
11/28/2015 19:00,916.8206655,25.93,2.547092796,0.751808824
11/28/2015 20:00,903.2856967,23.58,2.381585293,0.515819313
11/28/2015 21:00,888.8660263,25.12,2.205259535,0.670467759
11/28/2015 22:00,866.6388595,21.43,1.933462611,0.299914016
11/28/2015 23:00,837.0249239,20.47,1.571339239,0.20350979
11/29/2015 0:00,805.64549,22.04,1.187627106,0.361170868
11/29/2015 1:00,794.1856899,20.84,1.047495057,0.240665585
11/29/2015 2:00,779.7538974,19.90,0.871021068,0.146269781
11/29/2015 3:00,771.6872767,19.50,0.772381295,0.106101353
11/29/2015 4:00,774.3400955,19.60,0.804820337,0.11614346
11/29/2015 5:00,781.7630114,20.21,0.895588796,0.177400312
11/29/2015 6:00,798.7653031,18.95,1.103495212,0.050869766
11/29/2015 7:00,819.939682,20.44,1.362418497,0.200497158
11/29/2015 8:00,848.2275626,24.07,1.708326682,0.565025637
11/29/2015 9:00,878.7125794,25.28,2.081101756,0.68653513
11/29/2015 10:00,897.6927073,25.49,2.313193432,0.707623554
11/29/2015 11:00,892.2025266,27.14,2.246058729,0.873318317
11/29/2015 12:00,880.7930603,25.79,2.10654217,0.737749875
11/29/2015 13:00,876.6220609,25.09,2.055538602,0.667455127
11/29/2015 14:00,866.1704403,21.54,1.927734715,0.310960333
11/29/2015 15:00,855.6133295,21.16,1.798640879,0.272800327
11/29/2015 16:00,855.2651583,20.61,1.794383392,0.21756874
11/29/2015 17:00,863.9297496,27.79,1.900335234,0.938592012
11/29/2015 18:00,898.1034347,24.15,2.318215864,0.573059322
11/29/2015 19:00,910.937492,155.54,2.475152523,13.76738352
11/29/2015 20:00,912.3989059,25.30,2.493022898,0.688543551
11/29/2015 21:00,892.6352312,37.14,2.251349902,1.877529003
11/29/2015 22:00,861.4929711,22.24,1.870537963,0.381255081
11/29/2015 23:00,815.2978771,20.24,1.305657853,0.180412944
11/30/2015 0:00,778.73724,18.07,0.858589238,-0.037500775
11/30/2015 1:00,758.8690334,18.28,0.615638013,-0.01641235
11/30/2015 2:00,751.6931977,18.25,0.527890883,-0.019424982
11/30/2015 3:00,731.7825848,18.56,0.284421107,0.011705549
11/30/2015 4:00,730.1718707,18.73,0.264725068,0.028777131
11/30/2015 5:00,746.1827405,19.68,0.460508238,0.124177146
11/30/2015 6:00,794.7654777,46.81,1.054584785,2.848600736
11/30/2015 7:00,866.8875324,121.46,1.936503418,10.34503351
11/30/2015 8:00,896.1885297,47.32,2.294800136,2.899815481
11/30/2015 9:00,883.6357073,25.13,2.141302457,0.67147197
11/30/2015 10:00,876.341849,26.02,2.052112132,0.760846721
11/30/2015 11:00,868.5058798,22.68,1.956292797,0.425440352
11/30/2015 12:00,858.503563,20.49,1.833983061,0.205518211
11/30/2015 13:00,816.9184442,20.30,1.325474376,0.186438208
11/30/2015 14:00,811.2813505,19.46,1.256543201,0.102084511
11/30/2015 15:00,804.6910057,19.07,1.175955538,0.062920294
11/30/2015 16:00,804.8622251,20.33,1.178049232,0.18945084
11/30/2015 17:00,819.0190152,23.62,1.351160454,0.519836156
11/30/2015 18:00,861.150018,34.31,1.866344284,1.593337379
11/30/2015 19:00,889.8716075,30.65,2.217555923,1.225796268
11/30/2015 20:00,891.8534631,60.19,2.241790332,4.192234634
11/30/2015 21:00,887.6766121,23.69,2.19071521,0.526865631
11/30/2015 22:00,858.4720233,21.27,1.833597388,0.283846645
11/30/2015 23:00,815.3251632,19.13,1.305991512,0.068945558
