Hour_End_North,Load,Settlement Point Price,Load Std,Price Std,20,700,$,
11/1/2015 0:00,613.24058,19.68,-1.165127208,0.124177146,1,0,-19.68,-19.68
11/1/2015 1:00,588.7440354,19.13,-1.464674403,0.068945558,-1,0,19.13,-0.55
11/1/2015 2:00,573.7565624,17.8,-1.647943332,-0.064614463,1,1,-17.8,-18.35
11/1/2015 3:00,558.7908006,17.69,-1.830946773,-0.075660781,1,2,-17.69,-36.04
11/1/2015 4:00,557.1310969,17.69,-1.851241863,-0.075660781,1,3,-17.69,-53.73
11/1/2015 5:00,555.4653485,17.67,-1.871610869,-0.077669202,1,4,-17.67,-71.4
11/1/2015 6:00,557.9053541,17.67,-1.841774137,-0.077669202,1,5,-17.67,-89.07
11/1/2015 7:00,576.6370329,17.71,-1.612720533,-0.073652359,1,6,-17.71,-106.78
11/1/2015 8:00,601.4173674,19.88,-1.309703116,0.14426136,1,7,-19.88,-126.66
11/1/2015 9:00,640.5245321,19.68,-0.831495203,0.124177146,1,8,-19.68,-146.34
11/1/2015 10:00,664.8463406,20.79,-0.534084706,0.235644532,1,9,-20.79,-167.13
11/1/2015 11:00,667.3969152,21.27,-0.502895921,0.283846645,1,10,-21.27,-188.4
11/1/2015 12:00,664.7069099,19.42,-0.535789684,0.098067668,1,11,-19.42,-207.82
11/1/2015 13:00,664.0922011,19.75,-0.54330643,0.131206621,1,12,-19.75,-227.57
11/1/2015 14:00,665.3253359,19.43,-0.528227484,0.099071879,1,13,-19.43,-247
11/1/2015 15:00,666.2885951,19.9,-0.516448615,0.146269781,1,14,-19.9,-266.9
11/1/2015 16:00,671.5263993,19.73,-0.452400009,0.129198199,1,15,-19.73,-286.63
11/1/2015 17:00,677.6374486,20.78,-0.377673238,0.234640321,1,16,-20.78,-307.41
11/1/2015 18:00,693.4775771,22.26,-0.183977917,0.383263503,1,17,-22.26,-329.67
11/1/2015 19:00,717.1342109,20.39,0.10529873,0.195476105,1,18,-20.39,-350.06
11/1/2015 20:00,714.7634935,19.29,0.076309264,0.085012929,1,19,-19.29,-369.35
11/1/2015 21:00,689.2284138,19.67,-0.235937284,0.123172935,1,20,-19.67,-389.02
11/1/2015 22:00,656.1775188,17.54,-0.640088279,-0.090723941,1,21,-17.54,-406.56
11/1/2015 23:00,614.10584,16.12,-1.154546687,-0.233321858,1,22,-16.12,-422.68
11/2/2015 0:00,578.58203,13.42,-1.588936835,-0.504458743,1,23,-13.42,-436.1
11/2/2015 1:00,558.8443515,13.9,-1.830291945,-0.456256631,1,24,-13.9,-450
11/2/2015 2:00,546.5820787,12.77,-1.980236742,-0.569732438,1,25,-12.77,-462.77
11/2/2015 3:00,538.6713341,11.62,-2.07697044,-0.685216667,1,26,-11.62,-474.39
11/2/2015 4:00,543.164527,11.98,-2.022027045,-0.649065082,1,27,-11.98,-486.37
11/2/2015 5:00,553.1865061,13.18,-1.899476875,-0.5285598,1,28,-13.18,-499.55
11/2/2015 6:00,590.7938446,15.77,-1.439609047,-0.268469232,1,29,-15.77,-515.32
11/2/2015 7:00,657.3985157,17.74,-0.625157757,-0.070639727,1,30,-17.74,-533.06
11/2/2015 8:00,677.2550336,18.44,-0.382349461,-0.000344979,1,31,-18.44,-551.5
11/2/2015 9:00,685.8093275,20.64,-0.277746352,0.220581372,1,32,-20.64,-572.14
11/2/2015 10:00,702.4881878,20.08,-0.073794901,0.164345573,1,33,-20.08,-592.22
11/2/2015 11:00,713.1005657,20.24,0.055974749,0.180412944,1,34,-20.24,-612.46
11/2/2015 12:00,720.173701,20.93,0.142466043,0.249703482,1,35,-20.93,-633.39
11/2/2015 13:00,725.070063,21.82,0.202339446,0.339078233,1,36,-21.82,-655.21
11/2/2015 14:00,735.9601053,22.63,0.335504416,0.420419298,1,37,-22.63,-677.84
11/2/2015 15:00,743.4392283,24.06,0.426960184,0.564021426,1,38,-24.06,-701.9
11/2/2015 16:00,745.7468657,23.36,0.455178299,0.493726678,1,39,-23.36,-725.26
11/2/2015 17:00,745.630658,20.77,0.453757296,0.233636111,1,40,-20.77,-746.03
11/2/2015 18:00,742.3505087,20.11,0.413647168,0.167358205,1,41,-20.11,-766.14
11/2/2015 19:00,767.549887,17.98,0.721788711,-0.046538671,1,42,-17.98,-784.12
11/2/2015 20:00,755.3744292,17.26,0.5729055,-0.11884184,1,43,-17.26,-801.38
11/2/2015 21:00,732.5685518,15.39,0.294032022,-0.306629238,1,44,-15.39,-816.77
11/2/2015 22:00,700.5748614,17.65,-0.097191326,-0.079677623,1,45,-17.65,-834.42
11/2/2015 23:00,654.5242234,13.15,-0.660305008,-0.531572432,1,46,-13.15,-847.57
11/3/2015 0:00,611.10413,3.67,-1.19125202,-1.483564162,1,47,-3.67,-851.24
11/3/2015 1:00,592.3206588,3.63,-1.420938949,-1.487581005,1,48,-3.63,-854.87
11/3/2015 2:00,579.3987478,4.79,-1.578949895,-1.371092565,1,49,-4.79,-859.66
11/3/2015 3:00,572.5020066,2.71,-1.663284217,-1.579968388,1,50,-2.71,-862.37
11/3/2015 4:00,574.1800171,8.75,-1.642765268,-0.973425134,1,51,-8.75,-871.12
11/3/2015 5:00,577.8862486,9.05,-1.597444947,-0.943298813,1,52,-9.05,-880.17
11/3/2015 6:00,602.4183232,13.63,-1.297463288,-0.483370319,1,53,-13.63,-893.8
11/3/2015 7:00,665.2528506,14.64,-0.529113844,-0.38194504,1,54,-14.64,-908.44
11/3/2015 8:00,681.2759828,17.01,-0.33318073,-0.143947107,1,55,-17.01,-925.45
11/3/2015 9:00,694.1616763,18.61,-0.175612655,0.016726602,1,56,-18.61,-944.06
11/3/2015 10:00,705.8053063,18.28,-0.03323271,-0.01641235,1,57,-18.28,-962.34
11/3/2015 11:00,717.0996859,18.94,0.104876553,0.049865555,1,58,-18.94,-981.28
11/3/2015 12:00,724.4315953,17.86,0.194532173,-0.058589199,1,59,-17.86,-999.14
11/3/2015 13:00,731.1758602,18.79,0.277001994,0.034802395,1,60,-18.79,-1017.93
11/3/2015 14:00,747.5194571,18.81,0.476853797,0.036810816,1,61,-18.81,-1036.74
11/3/2015 15:00,760.9810047,19.44,0.641463495,0.100076089,1,62,-19.44,-1056.18
11/3/2015 16:00,762.1769207,19.12,0.656087323,0.067941347,1,63,-19.12,-1075.3
11/3/2015 17:00,764.3529248,18.89,0.682695808,0.044844502,1,64,-18.89,-1094.19
11/3/2015 18:00,764.6626553,18.53,0.686483236,0.008692917,1,65,-18.53,-1112.72
11/3/2015 19:00,783.4958819,17.2,0.916778581,-0.124867104,1,66,-17.2,-1129.92
11/3/2015 20:00,773.025092,16.77,0.788740289,-0.168048164,1,67,-16.77,-1146.69
11/3/2015 21:00,754.5389711,12.51,0.562689401,-0.595841916,1,68,-12.51,-1159.2
11/3/2015 22:00,713.9966852,17.27,0.066932624,-0.117837629,1,69,-17.27,-1176.47
11/3/2015 23:00,667.3657839,12.42,-0.503276599,-0.604879812,1,70,-12.42,-1188.89
11/4/2015 0:00,623.98576,13.61,-1.033733635,-0.48537874,1,71,-13.61,-1202.5
11/4/2015 1:00,597.3952754,9.9,-1.358885822,-0.857940905,1,72,-9.9,-1212.4
11/4/2015 2:00,583.3210524,8.98,-1.530987402,-0.950328288,1,73,-8.98,-1221.38
11/4/2015 3:00,576.2752092,6.86,-1.617144964,-1.163220953,1,74,-6.86,-1228.24
11/4/2015 4:00,573.0427942,8.58,-1.656671389,-0.990496715,1,75,-8.58,-1236.82
11/4/2015 5:00,583.1122457,15.41,-1.533540719,-0.304620817,1,76,-15.41,-1252.23
11/4/2015 6:00,608.1170661,15.25,-1.227778257,-0.320688188,1,77,-15.25,-1267.48
11/4/2015 7:00,672.0263398,14.68,-0.446286666,-0.377928197,1,78,-14.68,-1282.16
11/4/2015 8:00,687.720873,17.32,-0.254371705,-0.112816576,1,79,-17.32,-1299.48
11/4/2015 9:00,703.4712584,17.73,-0.061773775,-0.071643938,1,80,-17.73,-1317.21
11/4/2015 10:00,715.1345847,18.3,0.08084702,-0.014403929,1,81,-18.3,-1335.51
11/4/2015 11:00,730.4458371,17.62,0.268075169,-0.082690255,1,82,-17.62,-1353.13
11/4/2015 12:00,737.4117465,18.25,0.353255289,-0.019424982,1,83,-18.25,-1371.38
11/4/2015 13:00,743.3142942,19.22,0.425432472,0.077983454,1,84,-19.22,-1390.6
11/4/2015 14:00,750.062731,18.48,0.507953308,0.003671864,1,85,-18.48,-1409.08
11/4/2015 15:00,750.4076146,18.31,0.512170592,-0.013399718,1,86,-18.31,-1427.39
11/4/2015 16:00,746.2524935,17,0.461361187,-0.144951318,1,87,-17,-1444.39
11/4/2015 17:00,745.8892033,17.59,0.456918823,-0.085702887,1,88,-17.59,-1461.98
11/4/2015 18:00,759.0653315,19.4,0.618038373,0.096059247,1,89,-19.4,-1481.38
11/4/2015 19:00,783.7460845,17.84,0.919838093,-0.06059762,1,90,-17.84,-1499.22
11/4/2015 20:00,771.5450832,17.28,0.770642534,-0.116833419,1,91,-17.28,-1516.5
11/4/2015 21:00,753.8725371,16.33,0.554540152,-0.212233434,1,92,-16.33,-1532.83
11/4/2015 22:00,719.2462375,16.49,0.131124888,-0.196166063,1,93,-16.49,-1549.32
11/4/2015 23:00,675.8070173,14.76,-0.400056009,-0.369894512,1,94,-14.76,-1564.08
11/5/2015 0:00,637.93252,12.68,-0.863190692,-0.578770334,1,95,-12.68,-1576.76
11/5/2015 1:00,619.2631489,13.28,-1.091482389,-0.518517693,1,96,-13.28,-1590.04
11/5/2015 2:00,608.8540914,13.04,-1.218765808,-0.542618749,1,97,-13.04,-1603.08
11/5/2015 3:00,599.9099288,15.19,-1.328136288,-0.326713452,1,98,-15.19,-1618.27
11/5/2015 4:00,596.3775729,16.86,-1.371330432,-0.159010268,1,99,-16.86,-1635.13
11/5/2015 5:00,596.920461,19.57,-1.36469192,0.113130828,1,100,-19.57,-1654.7
11/5/2015 6:00,625.9126857,19.1,-1.010170916,0.065932926,1,101,-19.1,-1673.8
11/5/2015 7:00,691.371897,20.86,-0.20972647,0.242674007,1,102,-20.86,-1694.66
11/5/2015 8:00,716.2339157,21.03,0.094289794,0.259745588,1,103,-21.03,-1715.69
11/5/2015 9:00,738.4944193,22.43,0.366494364,0.400335084,1,104,-22.43,-1738.12
11/5/2015 10:00,759.9241075,23.51,0.628539607,0.508789838,1,105,-23.51,-1761.63
11/5/2015 11:00,778.8034207,22.22,0.859398505,0.37924666,1,106,-22.22,-1783.85
11/5/2015 12:00,794.7965768,27.71,1.054965069,0.930558326,1,107,-27.71,-1811.56
11/5/2015 13:00,793.5462538,33.71,1.039675943,1.533084738,1,108,-33.71,-1845.27
11/5/2015 14:00,801.0063989,23.9,1.130899647,0.547954055,1,109,-23.9,-1869.17
11/5/2015 15:00,805.4778309,21.46,1.185576947,0.302926648,1,110,-21.46,-1890.63
11/5/2015 16:00,806.2370611,21.25,1.19486092,0.281838223,1,111,-21.25,-1911.88
11/5/2015 17:00,800.8151584,20.44,1.128561132,0.200497158,1,112,-20.44,-1932.32
11/5/2015 18:00,799.8052376,28.71,1.116211678,1.030979395,1,113,-28.71,-1961.03
11/5/2015 19:00,818.0036342,20.22,1.338744232,0.178404523,1,114,-20.22,-1981.25
11/5/2015 20:00,798.1753306,20.64,1.096280945,0.220581372,1,115,-20.64,-2001.89
11/5/2015 21:00,774.3931639,19.65,0.805469264,0.121164514,1,116,-19.65,-2021.54
11/5/2015 22:00,735.6153058,18.49,0.331288158,0.004676074,1,117,-18.49,-2040.03
11/5/2015 23:00,687.5424091,19.53,-0.256553987,0.109113986,1,118,-19.53,-2059.56
11/6/2015 0:00,642.32236,17.39,-0.80951111,-0.105787101,1,119,-17.39,-2076.95
11/6/2015 1:00,605.9132248,16.93,-1.254727139,-0.151980793,1,120,-16.93,-2093.88
11/6/2015 2:00,584.841977,17.07,-1.512389322,-0.137921843,1,121,-17.07,-2110.95
11/6/2015 3:00,571.7766257,16.98,-1.672154277,-0.146959739,1,122,-16.98,-2127.93
11/6/2015 4:00,568.5303653,17.05,-1.711850006,-0.139930265,1,123,-17.05,-2144.98
11/6/2015 5:00,572.9105535,17.36,-1.658288448,-0.108799733,1,124,-17.36,-2162.34
11/6/2015 6:00,600.9058147,20.72,-1.315958454,0.228615057,1,125,-20.72,-2183.06
11/6/2015 7:00,660.3766332,20.02,-0.588740917,0.158320309,1,126,-20.02,-2203.08
11/6/2015 8:00,681.8235314,21.23,-0.326485228,0.279829802,1,127,-21.23,-2224.31
11/6/2015 9:00,694.8363144,22.88,-0.167363086,0.445524565,1,128,-22.88,-2247.19
11/6/2015 10:00,703.8322366,30.88,-0.057359684,1.248893114,1,129,-30.88,-2278.07
11/6/2015 11:00,711.6148049,23.21,0.037806657,0.478663518,1,130,-23.21,-2301.28
11/6/2015 12:00,719.5407691,25.09,0.134726462,0.667455127,1,131,-25.09,-2326.37
11/6/2015 13:00,715.3657096,24.45,0.083673248,0.603185643,1,132,-24.45,-2350.82
11/6/2015 14:00,722.7064955,24.92,0.17343741,0.650383545,1,133,-24.92,-2375.74
11/6/2015 15:00,721.5162631,24.69,0.158883081,0.627286699,1,134,-24.69,-2400.43
11/6/2015 16:00,713.5148988,23.55,0.061041272,0.512806681,1,135,-23.55,-2423.98
11/6/2015 17:00,706.9996019,23.59,-0.018628695,0.516823524,1,136,-23.59,-2447.57
11/6/2015 18:00,716.3149301,23.9,0.095280449,0.547954055,1,137,-23.9,-2471.47
11/6/2015 19:00,733.6219605,22.8,0.306913252,0.43749088,1,138,-22.8,-2494.27
11/6/2015 20:00,720.8094011,21.64,0.150239473,0.32100244,1,139,-21.64,-2515.91
11/6/2015 21:00,702.2573061,22.11,-0.076618156,0.368200342,1,140,-22.11,-2538.02
11/6/2015 22:00,678.4915382,21.89,-0.36722931,0.346107707,1,141,-21.89,-2559.91
11/6/2015 23:00,646.0775242,18.81,-0.763592434,0.036810816,1,142,-18.81,-2578.72
11/7/2015 1:00,592.1969148,19.78,-1.422452108,0.134219253,1,143,-19.78,-2598.5
11/7/2015 2:00,578.1591363,18.41,-1.594108039,-0.003357611,1,144,-18.41,-2616.91
11/7/2015 3:00,565.5898421,18.13,-1.747807137,-0.03147551,1,145,-18.13,-2635.04
11/7/2015 4:00,559.0067777,18.09,-1.828305775,-0.035492353,1,146,-18.09,-2653.13
11/7/2015 5:00,565.6226607,18.06,-1.747405826,-0.038504985,1,147,-18.06,-2671.19
11/7/2015 6:00,584.6496209,18.86,-1.514741479,0.04183187,1,148,-18.86,-2690.05
11/7/2015 7:00,608.0277454,19.03,-1.228870483,0.058903451,1,149,-19.03,-2709.08
11/7/2015 8:00,626.772589,24.07,-0.999655898,0.565025637,1,150,-24.07,-2733.15
11/7/2015 9:00,651.3536097,21.32,-0.699075718,0.288867698,1,151,-21.32,-2754.47
11/7/2015 10:00,669.0476187,19.31,-0.482710887,0.08702135,1,152,-19.31,-2773.78
11/7/2015 11:00,678.6796032,18.37,-0.364929625,-0.007374454,1,153,-18.37,-2792.15
11/7/2015 12:00,677.3437716,17.52,-0.381264361,-0.092732362,1,154,-17.52,-2809.67
11/7/2015 13:00,672.6664772,17.09,-0.438458976,-0.135913422,1,155,-17.09,-2826.76
11/7/2015 14:00,666.3712295,16.96,-0.515438149,-0.148968161,1,156,-16.96,-2843.72
11/7/2015 15:00,663.2688223,16.91,-0.553374822,-0.153989214,1,157,-16.91,-2860.63
11/7/2015 16:00,663.8376591,17.04,-0.546419005,-0.140934475,1,158,-17.04,-2877.67
11/7/2015 17:00,665.2020002,18.42,-0.52973565,-0.002353401,1,159,-18.42,-2896.09
11/7/2015 18:00,683.6915263,23.58,-0.303643123,0.515819313,1,160,-23.58,-2919.67
11/7/2015 19:00,709.1637533,19.44,0.007834853,0.100076089,1,161,-19.44,-2939.11
11/7/2015 20:00,697.0605479,18.79,-0.140164846,0.034802395,1,162,-18.79,-2957.9
11/7/2015 21:00,683.5738304,18.05,-0.305082326,-0.039509196,1,163,-18.05,-2975.95
11/7/2015 22:00,669.9446977,17.95,-0.471741278,-0.049551303,1,164,-17.95,-2993.9
11/7/2015 23:00,642.324719,18.24,-0.809482264,-0.020429193,1,165,-18.24,-3012.14
11/8/2015 0:00,609.48576,17.34,-1.211041676,-0.110808155,1,166,-17.34,-3029.48
11/8/2015 1:00,591.5535719,16.89,-1.430318995,-0.155997635,1,167,-16.89,-3046.37
11/8/2015 2:00,578.7342256,16.62,-1.587075765,-0.183111324,1,168,-16.62,-3062.99
11/8/2015 3:00,575.1267887,15.93,-1.631188012,-0.252401861,1,169,-15.93,-3078.92
11/8/2015 4:00,577.0951418,15.76,-1.607118712,-0.269473443,1,170,-15.76,-3094.68
11/8/2015 5:00,581.4268327,15.78,-1.554150188,-0.267465022,1,171,-15.78,-3110.46
11/8/2015 6:00,591.1232629,15.25,-1.435580874,-0.320688188,1,172,-15.25,-3125.71
11/8/2015 7:00,617.5893806,15.39,-1.111949463,-0.306629238,1,173,-15.39,-3141.1
11/8/2015 8:00,643.9273635,16.65,-0.789884902,-0.180098692,1,174,-16.65,-3157.75
11/8/2015 9:00,669.5893679,17.45,-0.476086301,-0.099761837,1,175,-17.45,-3175.2
11/8/2015 10:00,680.916328,17.48,-0.337578639,-0.096749205,1,176,-17.48,-3192.68
11/8/2015 11:00,673.059547,18.26,-0.433652462,-0.018420772,1,177,-18.26,-3210.94
11/8/2015 12:00,662.0087959,18.4,-0.568782602,-0.004361822,1,178,-18.4,-3229.34
11/8/2015 13:00,656.9638792,18.83,-0.630472553,0.038819238,1,179,-18.83,-3248.17
11/8/2015 14:00,654.6339923,19.02,-0.658962739,0.057899241,1,180,-19.02,-3267.19
11/8/2015 15:00,652.726037,19.17,-0.682293484,0.072962401,1,181,-19.17,-3286.36
11/8/2015 16:00,656.6129463,19.23,-0.63476381,0.078987665,1,182,-19.23,-3305.59
11/8/2015 17:00,664.9148248,20.04,-0.533247272,0.160328731,1,183,-20.04,-3325.63
11/8/2015 18:00,695.7709755,23.87,-0.155933919,0.544941423,1,184,-23.87,-3349.5
11/8/2015 19:00,730.7904052,21.86,0.272288595,0.343095075,1,185,-21.86,-3371.36
11/8/2015 20:00,723.4833077,19.39,0.182936379,0.095055036,1,186,-19.39,-3390.75
11/8/2015 21:00,703.5700469,18.47,-0.060565776,0.002667653,1,187,-18.47,-3409.22
11/8/2015 22:00,676.7511818,17.15,-0.388510633,-0.129888158,1,188,-17.15,-3426.37
11/8/2015 23:00,634.288683,17.13,-0.907748044,-0.131896579,1,189,-17.13,-3443.5
11/9/2015 0:00,602.56741,15.76,-1.295640233,-0.269473443,1,190,-15.76,-3459.26
11/9/2015 1:00,581.6478669,14.02,-1.55144735,-0.444206102,1,191,-14.02,-3473.28
11/9/2015 2:00,569.5109213,13.08,-1.699859628,-0.538601907,1,192,-13.08,-3486.36
11/9/2015 3:00,562.4116005,11.95,-1.786671122,-0.652077714,1,193,-11.95,-3498.31
11/9/2015 4:00,565.3392567,12.67,-1.75087133,-0.579774545,1,194,-12.67,-3510.98
11/9/2015 5:00,578.2475944,16.07,-1.59302636,-0.238342912,1,195,-16.07,-3527.05
11/9/2015 6:00,615.7653735,17.79,-1.134253679,-0.065618674,1,196,-17.79,-3544.84
11/9/2015 7:00,681.1267608,18.48,-0.335005437,0.003671864,1,197,-18.48,-3563.32
11/9/2015 8:00,704.5687175,19,-0.048353892,0.055890819,1,198,-19,-3582.32
11/9/2015 9:00,709.5648115,19.52,0.012739049,0.108109775,1,199,-19.52,-3601.84
11/9/2015 10:00,717.2394347,18.73,0.106585421,0.028777131,1,200,-18.73,-3620.57
11/9/2015 11:00,719.722916,20.99,0.13695378,0.255728746,1,201,-20.99,-3641.56
11/9/2015 12:00,718.7333749,19.02,0.124853532,0.057899241,1,202,-19.02,-3660.58
11/9/2015 13:00,710.4291451,19.51,0.023308242,0.107105564,1,203,-19.51,-3680.09
11/9/2015 14:00,707.618668,19.69,-0.011058667,0.125181357,1,204,-19.69,-3699.78
11/9/2015 15:00,707.8554933,19.53,-0.008162734,0.109113986,1,205,-19.53,-3719.31
11/9/2015 16:00,704.1465519,18.76,-0.053516192,0.031789763,1,206,-18.76,-3738.07
11/9/2015 17:00,711.0523269,18.48,0.030928596,0.003671864,1,207,-18.48,-3756.55
11/9/2015 18:00,725.8514904,19.31,0.21189485,0.08702135,1,208,-19.31,-3775.86
11/9/2015 19:00,758.6130073,17.81,0.612507289,-0.063610252,1,209,-17.81,-3793.67
11/9/2015 20:00,748.2086834,17.38,0.485281753,-0.106791312,1,210,-17.38,-3811.05
11/9/2015 21:00,731.730987,12.49,0.283790162,-0.597850337,1,211,-12.49,-3823.54
11/9/2015 22:00,707.384269,13.51,-0.013924932,-0.495420847,1,212,-13.51,-3837.05
11/9/2015 23:00,662.1092297,12.54,-0.567554483,-0.592829284,1,213,-12.54,-3849.59
11/10/2015 0:00,624.46859,13.94,-1.027829522,-0.452239788,1,214,-13.94,-3863.53
11/10/2015 1:00,605.5759657,8.35,-1.258851191,-1.013593561,1,215,-8.35,-3871.88
11/10/2015 2:00,596.1781744,11.6,-1.373768705,-0.687225088,1,216,-11.6,-3883.48
11/10/2015 3:00,590.220024,12.56,-1.446625806,-0.590820862,1,217,-12.56,-3896.04
11/10/2015 4:00,590.605731,12.8,-1.441909327,-0.566719806,1,218,-12.8,-3908.84
11/10/2015 5:00,596.4278363,14.62,-1.370715804,-0.383953461,1,219,-14.62,-3923.46
11/10/2015 6:00,630.5577474,17.28,-0.953370448,-0.116833419,1,220,-17.28,-3940.74
11/10/2015 7:00,695.9667213,16.2,-0.153540312,-0.225288173,1,221,-16.2,-3956.94
11/10/2015 8:00,708.9259097,17.72,0.004926468,-0.072648149,1,222,-17.72,-3974.66
11/10/2015 9:00,715.1243691,18.57,0.080722101,0.01270976,1,223,-18.57,-3993.23
11/10/2015 10:00,715.9922898,22.95,0.091335158,0.45255404,1,224,-22.95,-4016.18
11/10/2015 11:00,723.026979,21.2,0.177356328,0.27681717,1,225,-21.2,-4037.38
11/10/2015 12:00,725.0585784,21.73,0.202199011,0.330040336,1,226,-21.73,-4059.11
11/10/2015 13:00,728.851481,21.28,0.248579157,0.284850856,1,227,-21.28,-4080.39
11/10/2015 14:00,743.7710329,20.27,0.431017537,0.183425576,1,228,-20.27,-4100.66
11/10/2015 15:00,749.8073921,18.82,0.504830988,0.037815027,1,229,-18.82,-4119.48
11/10/2015 16:00,743.688364,18.38,0.43000665,-0.006370243,1,230,-18.38,-4137.86
11/10/2015 17:00,743.5789937,19.21,0.428669255,0.076979244,1,231,-19.21,-4157.07
11/10/2015 18:00,764.0403924,20.54,0.678874118,0.210539265,1,232,-20.54,-4177.61
11/10/2015 19:00,786.6413289,16.52,0.95524155,-0.193153431,1,233,-16.52,-4194.13
11/10/2015 20:00,776.8313759,15.64,0.835284063,-0.281523971,1,234,-15.64,-4209.77
11/10/2015 21:00,761.5561283,15.9,0.648496187,-0.255414493,1,235,-15.9,-4225.67
11/10/2015 22:00,725.6692665,13.78,0.209666591,-0.468307159,1,236,-13.78,-4239.45
11/10/2015 23:00,682.9640741,13.71,-0.312538512,-0.475336634,1,237,-13.71,-4253.16
11/11/2015 0:00,643.60941,13.05,-0.793772882,-0.541614539,1,238,-13.05,-4266.21
11/11/2015 1:00,605.1398006,12.45,-1.264184679,-0.60186718,1,239,-12.45,-4278.66
11/11/2015 2:00,589.4350326,13.11,-1.456224792,-0.535589275,1,240,-13.11,-4291.77
11/11/2015 3:00,583.6550975,13.5,-1.526902652,-0.496425058,1,241,-13.5,-4305.27
11/11/2015 4:00,581.797604,16.35,-1.549616344,-0.210225013,1,242,-16.35,-4321.62
11/11/2015 5:00,583.0557871,17.13,-1.534231104,-0.131896579,1,243,-17.13,-4338.75
11/11/2015 6:00,612.1793757,18.69,-1.178103764,0.024760288,1,244,-18.69,-4357.44
11/11/2015 7:00,671.4338858,18.23,-0.453531277,-0.021433404,1,245,-18.23,-4375.67
11/11/2015 8:00,692.8488066,18.21,-0.191666611,-0.023441825,1,246,-18.21,-4393.88
11/11/2015 9:00,710.0700051,18.08,0.018916628,-0.036496564,1,247,-18.08,-4411.96
11/11/2015 10:00,727.4891669,20.32,0.231920589,0.18844663,1,248,-20.32,-4432.28
11/11/2015 11:00,746.0789004,20.46,0.459238466,0.202505579,1,249,-20.46,-4452.74
11/11/2015 12:00,754.7311735,19.7,0.565039679,0.126185567,1,250,-19.7,-4472.44
11/11/2015 13:00,762.0183309,20.97,0.654148066,0.253720324,1,251,-20.97,-4493.41
11/11/2015 14:00,766.8523906,19.73,0.713259628,0.129198199,1,252,-19.73,-4513.14
11/11/2015 15:00,765.2924677,17.66,0.694184671,-0.078673413,1,253,-17.66,-4530.8
11/11/2015 16:00,755.018004,20.57,0.568547082,0.213551897,1,254,-20.57,-4551.37
11/11/2015 17:00,744.1116794,24.4,0.435183011,0.59816459,1,255,-24.4,-4575.77
11/11/2015 18:00,747.7570804,58.07,0.479759487,3.979341968,1,256,-58.07,-4633.84
11/11/2015 19:00,758.1860047,35.39,0.607285841,1.701792133,1,257,-35.39,-4669.23
11/11/2015 20:00,739.3603377,23.55,0.377082936,0.512806681,1,258,-23.55,-4692.78
11/11/2015 21:00,719.1734693,23.36,0.130235068,0.493726678,1,259,-23.36,-4716.14
11/11/2015 22:00,685.161175,21.16,-0.285672052,0.272800327,1,260,-21.16,-4737.3
11/11/2015 23:00,645.6763158,18.22,-0.768498466,-0.022437614,1,261,-18.22,-4755.52
11/12/2015 0:00,607.27183,17.95,-1.238113923,-0.049551303,1,262,-17.95,-4773.47
11/12/2015 1:00,596.0131671,17.49,-1.375786437,-0.095744994,1,263,-17.49,-4790.96
11/12/2015 2:00,585.1572913,16.71,-1.508533615,-0.174073428,1,264,-16.71,-4807.67
11/12/2015 3:00,578.4042961,16.01,-1.59111019,-0.244368176,1,265,-16.01,-4823.68
11/12/2015 4:00,581.3073478,16.82,-1.555611265,-0.16302711,1,266,-16.82,-4840.5
11/12/2015 5:00,586.8056464,17.55,-1.488377296,-0.08971973,1,267,-17.55,-4858.05
11/12/2015 6:00,632.1188486,24.56,-0.934281083,0.61423196,1,268,-24.56,-4882.61
11/12/2015 7:00,703.4152545,19.68,-0.0624586,0.124177146,1,269,-19.68,-4902.29
11/12/2015 8:00,724.0540233,19.62,0.18991517,0.118151882,1,270,-19.62,-4921.91
11/12/2015 9:00,724.4730817,19.95,0.195039475,0.151290834,1,271,-19.95,-4941.86
11/12/2015 10:00,724.4249132,21.05,0.194450463,0.26175401,1,272,-21.05,-4962.91
11/12/2015 11:00,722.5236448,18.34,0.171201487,-0.010387086,1,273,-18.34,-4981.25
11/12/2015 12:00,716.5725117,18.99,0.098430193,0.054886609,1,274,-18.99,-5000.24
11/12/2015 13:00,706.2126977,20.32,-0.028251071,0.18844663,1,275,-20.32,-5020.56
11/12/2015 14:00,711.9377534,19.4,0.041755716,0.096059247,1,276,-19.4,-5039.96
11/12/2015 15:00,711.0334682,20.12,0.03069799,0.168362416,1,277,-20.12,-5060.08
11/12/2015 16:00,705.6102881,19.69,-0.035617419,0.125181357,1,278,-19.69,-5079.77
11/12/2015 17:00,706.854469,21.26,-0.0204034,0.282842434,1,279,-21.26,-5101.03
11/12/2015 18:00,721.2395317,40.33,0.15549917,2.197872212,1,280,-40.33,-5141.36
11/12/2015 19:00,755.0191437,20.29,0.568561019,0.185433998,1,281,-20.29,-5161.65
11/12/2015 20:00,748.6774876,20.45,0.491014357,0.201501369,1,282,-20.45,-5182.1
11/12/2015 21:00,737.8250044,18.81,0.358308664,0.036810816,1,283,-18.81,-5200.91
11/12/2015 22:00,709.6022038,17.81,0.013196288,-0.063610252,1,284,-17.81,-5218.72
11/12/2015 23:00,667.515509,16.88,-0.501445739,-0.157001846,1,285,-16.88,-5235.6
11/13/2015 0:00,628.85102,15.35,-0.974240551,-0.310646081,1,286,-15.35,-5250.95
11/13/2015 1:00,619.3397089,15.11,-1.090546203,-0.334747138,1,287,-15.11,-5266.06
11/13/2015 2:00,609.5772421,14.36,-1.209923019,-0.410062939,1,288,-14.36,-5280.42
11/13/2015 3:00,607.2550051,13.77,-1.238319661,-0.469311369,1,289,-13.77,-5294.19
11/13/2015 4:00,610.4904137,13.63,-1.198756629,-0.483370319,1,290,-13.63,-5307.82
11/13/2015 5:00,624.0418972,13.29,-1.033047182,-0.517513482,1,291,-13.29,-5321.11
11/13/2015 6:00,664.9780589,17.24,-0.532474036,-0.120850261,1,292,-17.24,-5338.35
11/13/2015 7:00,737.0366144,17.48,0.34866812,-0.096749205,1,293,-17.48,-5355.83
11/13/2015 8:00,752.3906622,17.61,0.536419578,-0.083694466,1,294,-17.61,-5373.44
11/13/2015 9:00,746.6354358,18.77,0.466043859,0.032793973,1,295,-18.77,-5392.21
11/13/2015 10:00,733.5609171,17.76,0.306166805,-0.068631306,1,296,-17.76,-5409.97
11/13/2015 11:00,724.4484346,17.82,0.194738087,-0.062606042,1,297,-17.82,-5427.79
11/13/2015 12:00,715.6718146,17.96,0.087416342,-0.048547092,1,298,-17.96,-5445.75
11/13/2015 13:00,698.4128948,18.15,-0.123628158,-0.029467089,1,299,-18.15,-5463.9
11/13/2015 14:00,698.5639961,17.99,-0.12178047,-0.04553446,1,300,-17.99,-5481.89
11/13/2015 15:00,689.2271144,18.03,-0.235953173,-0.041517617,1,301,-18.03,-5499.92
11/13/2015 16:00,676.9981753,17.78,-0.385490361,-0.066622884,1,302,-17.78,-5517.7
11/13/2015 17:00,673.9597718,18.03,-0.422644387,-0.041517617,1,303,-18.03,-5535.73
11/13/2015 18:00,693.2594476,18.03,-0.186645236,-0.041517617,1,304,-18.03,-5553.76
11/13/2015 19:00,719.8320401,17.02,0.138288164,-0.142942897,1,305,-17.02,-5570.78
11/13/2015 20:00,713.3955979,16.45,0.059582444,-0.200182906,1,306,-16.45,-5587.23
11/13/2015 21:00,701.7857631,15.37,-0.08238425,-0.30863766,1,307,-15.37,-5602.6
11/13/2015 22:00,688.0651155,14.88,-0.25016226,-0.357843983,1,308,-14.88,-5617.48
11/13/2015 23:00,659.1926508,13.59,-0.60321882,-0.487387162,1,309,-13.59,-5631.07
11/14/2015 0:00,635.4184,13.92,-0.893933705,-0.454248209,1,310,-13.92,-5644.99
11/14/2015 1:00,617.4077497,13.67,-1.11417047,-0.479353476,1,311,-13.67,-5658.66
11/14/2015 2:00,605.4573955,12.96,-1.260301083,-0.550652435,1,312,-12.96,-5671.62
11/14/2015 3:00,595.3124192,13.36,-1.384355281,-0.510484008,1,313,-13.36,-5684.98
11/14/2015 4:00,593.1400315,13.48,-1.410919544,-0.498433479,1,314,-13.48,-5698.46
11/14/2015 5:00,603.0442697,14.61,-1.289809126,-0.384957672,1,315,-14.61,-5713.07
11/14/2015 6:00,627.4367705,14.67,-0.991534193,-0.378932408,1,316,-14.67,-5727.74
11/14/2015 7:00,655.0757207,15.36,-0.653561221,-0.30964187,1,317,-15.36,-5743.1
11/14/2015 8:00,676.9949025,17.08,-0.385530382,-0.136917632,1,318,-17.08,-5760.18
11/14/2015 9:00,699.9600722,18.07,-0.104709055,-0.037500775,1,319,-18.07,-5778.25
11/14/2015 10:00,708.5646291,17.83,0.000508678,-0.061601831,1,320,-17.83,-5796.08
11/14/2015 11:00,699.208954,17.21,-0.113893834,-0.123862894,1,321,-17.21,-5813.29
11/14/2015 12:00,690.9119209,17.34,-0.215351123,-0.110808155,1,322,-17.34,-5830.63
11/14/2015 13:00,677.9863302,17.3,-0.373407064,-0.114824997,1,323,-17.3,-5847.93
11/14/2015 14:00,667.3217537,17.23,-0.503815006,-0.121854472,1,324,-17.23,-5865.16
11/14/2015 15:00,659.0784673,17.24,-0.604615072,-0.120850261,1,325,-17.24,-5882.4
11/14/2015 16:00,661.1507473,17.28,-0.57927494,-0.116833419,1,326,-17.28,-5899.68
11/14/2015 17:00,667.3419752,17.87,-0.503567735,-0.057584988,1,327,-17.87,-5917.55
11/14/2015 18:00,695.6896131,18.09,-0.156928829,-0.035492353,1,328,-18.09,-5935.64
11/14/2015 19:00,715.2800922,17.34,0.082626305,-0.110808155,1,329,-17.34,-5952.98
11/14/2015 20:00,706.3350359,16.96,-0.026755102,-0.148968161,1,330,-16.96,-5969.94
11/14/2015 21:00,693.4554183,14.64,-0.184248878,-0.38194504,1,331,-14.64,-5984.58
11/14/2015 22:00,678.6260724,13.41,-0.365584207,-0.505462954,1,332,-13.41,-5997.99
11/14/2015 23:00,650.8997966,12.39,-0.704625008,-0.607892444,1,333,-12.39,-6010.38
11/15/2015 0:00,618.79277,10.25,-1.097234248,-0.822793531,1,334,-10.25,-6020.63
11/15/2015 1:00,603.8984738,5.86,-1.279363798,-1.263642022,1,335,-5.86,-6026.49
11/15/2015 2:00,587.964201,7.86,-1.474210328,-1.062799885,1,336,-7.86,-6034.35
11/15/2015 3:00,582.4231076,7.34,-1.541967597,-1.11501884,1,337,-7.34,-6041.69
11/15/2015 4:00,580.1461913,7.85,-1.56981005,-1.063804095,1,338,-7.85,-6049.54
11/15/2015 5:00,583.2562935,2.93,-1.531779282,-1.557875753,1,339,-2.93,-6052.47
11/15/2015 6:00,582.6535972,1.5,-1.539149139,-1.701477881,1,340,-1.5,-6053.97
11/15/2015 7:00,604.6422624,3.02,-1.270268646,-1.548837857,1,341,-3.02,-6056.99
11/15/2015 8:00,631.9604189,10.47,-0.936218385,-0.800700896,1,342,-10.47,-6067.46
11/15/2015 9:00,664.2072365,12.32,-0.541899761,-0.614921919,1,343,-12.32,-6079.78
11/15/2015 10:00,687.5336111,13.45,-0.256661569,-0.501446111,1,344,-13.45,-6093.23
11/15/2015 11:00,691.5486596,12.5,-0.207564991,-0.596846127,1,345,-12.5,-6105.73
11/15/2015 12:00,689.5615354,13.12,-0.231863826,-0.534585064,1,346,-13.12,-6118.85
11/15/2015 13:00,691.341781,14,-0.210094732,-0.446214524,1,347,-14,-6132.85
11/15/2015 14:00,689.1883844,15.37,-0.236426769,-0.30863766,1,348,-15.37,-6148.22
11/15/2015 15:00,683.8637326,15.92,-0.301537361,-0.253406072,1,349,-15.92,-6164.14
11/15/2015 16:00,690.055897,15.85,-0.225818703,-0.260435547,1,350,-15.85,-6179.99
11/15/2015 17:00,710.023776,16.39,0.018351332,-0.20620817,1,351,-16.39,-6196.38
11/15/2015 18:00,744.3468841,17.16,0.438059128,-0.128883947,1,352,-17.16,-6213.54
11/15/2015 19:00,757.5271674,15.21,0.599229486,-0.324705031,1,353,-15.21,-6228.75
11/15/2015 20:00,749.342088,13.83,0.499141183,-0.463286105,1,354,-13.83,-6242.58
11/15/2015 21:00,726.698432,13.15,0.222251372,-0.531572432,1,355,-13.15,-6255.73
11/15/2015 22:00,697.3378991,10.66,-0.136773357,-0.781620893,1,356,-10.66,-6266.39
11/15/2015 23:00,654.3087684,7.73,-0.662939622,-1.075854624,1,357,-7.73,-6274.12
11/16/2015 0:00,618.22612,9.32,-1.104163324,-0.916185125,1,358,-9.32,-6283.44
11/16/2015 1:00,596.0092553,11.12,-1.375834272,-0.735427201,1,359,-11.12,-6294.56
11/16/2015 2:00,586.603019,9.44,-1.490855053,-0.904134596,1,360,-9.44,-6304
11/16/2015 3:00,577.595244,9.14,-1.601003393,-0.934260917,1,361,-9.14,-6313.14
11/16/2015 4:00,581.0936166,9.45,-1.5582248,-0.903130386,1,362,-9.45,-6322.59
11/16/2015 5:00,592.8092157,5.58,-1.414964806,-1.291759921,1,363,-5.58,-6328.17
11/16/2015 6:00,622.7619632,10.82,-1.048698395,-0.765553522,1,364,-10.82,-6338.99
11/16/2015 7:00,686.3871194,13.49,-0.270681032,-0.497429269,1,365,-13.49,-6352.48
11/16/2015 8:00,715.249716,13.57,0.082254861,-0.489395583,1,366,-13.57,-6366.05
11/16/2015 9:00,724.1595714,14.03,0.191205826,-0.443201892,1,367,-14.03,-6380.08
11/16/2015 10:00,734.7729784,13.88,0.320988061,-0.458265052,1,368,-13.88,-6393.96
11/16/2015 11:00,742.0016712,14,0.409381533,-0.446214524,1,369,-14,-6407.96
11/16/2015 12:00,742.6395459,13.58,0.417181556,-0.488391372,1,370,-13.58,-6421.54
11/16/2015 13:00,741.5096018,14,0.40336444,-0.446214524,1,371,-14,-6435.54
11/16/2015 14:00,741.1196648,13.59,0.398596235,-0.487387162,1,372,-13.59,-6449.13
11/16/2015 15:00,736.7099733,13.51,0.344673907,-0.495420847,1,373,-13.51,-6462.64
11/16/2015 16:00,733.4228165,14.1,0.304478092,-0.436172417,1,374,-14.1,-6476.74
11/16/2015 17:00,743.1117818,14.36,0.422956123,-0.410062939,1,375,-14.36,-6491.1
11/16/2015 18:00,757.4817102,14.55,0.598673629,-0.390982936,1,376,-14.55,-6505.65
11/16/2015 19:00,776.7205333,13.81,0.833928665,-0.465294527,1,377,-13.81,-6519.46
11/16/2015 20:00,767.0372467,14.82,0.715520074,-0.363869247,1,378,-14.82,-6534.28
11/16/2015 21:00,748.2710808,15.2,0.486044757,-0.325709241,1,379,-15.2,-6549.48
11/16/2015 22:00,715.3725706,13.83,0.083757144,-0.463286105,1,380,-13.83,-6563.31
11/16/2015 23:00,673.6123367,15.11,-0.426892872,-0.334747138,1,381,-15.11,-6578.42
11/17/2015 0:00,636.6535,15.86,-0.878830728,-0.259431336,1,382,-15.86,-6594.28
11/17/2015 1:00,620.1384828,15.93,-1.080778682,-0.252401861,1,383,-15.93,-6610.21
11/17/2015 2:00,602.0566225,16.51,-1.301886215,-0.194157642,1,384,-16.51,-6626.72
11/17/2015 3:00,589.6602848,15.82,-1.453470376,-0.263448179,1,385,-15.82,-6642.54
11/17/2015 4:00,592.023558,16,-1.424571939,-0.245372387,1,386,-16,-6658.54
11/17/2015 5:00,602.1589548,17.81,-1.300634881,-0.063610252,1,387,-17.81,-6676.35
11/17/2015 6:00,613.8486466,13.67,-1.157691684,-0.479353476,1,388,-13.67,-6690.02
11/17/2015 7:00,672.1452408,18.18,-0.444832727,-0.026454457,1,389,-18.18,-6708.2
11/17/2015 8:00,702.7060691,16.72,-0.071130618,-0.173069217,1,390,-16.72,-6724.92
11/17/2015 9:00,717.1082795,16.16,0.104981637,-0.229305016,1,391,-16.16,-6741.08
11/17/2015 10:00,726.5196811,15.87,0.220065581,-0.258427125,1,392,-15.87,-6756.95
11/17/2015 11:00,736.8476265,14.27,0.34635715,-0.419100835,1,393,-14.27,-6771.22
11/17/2015 12:00,729.1451103,13.36,0.252169697,-0.510484008,1,394,-13.36,-6784.58
11/17/2015 13:00,722.2223533,13.75,0.167517252,-0.471319791,1,395,-13.75,-6798.33
11/17/2015 14:00,722.581089,13.95,0.171903922,-0.451235577,1,396,-13.95,-6812.28
11/17/2015 15:00,719.8476971,13.47,0.138479621,-0.49943769,1,397,-13.47,-6825.75
11/17/2015 16:00,709.9208214,14.78,0.017092388,-0.36788609,1,398,-14.78,-6840.53
11/17/2015 17:00,715.4744301,16.86,0.085002696,-0.159010268,1,399,-16.86,-6857.39
11/17/2015 18:00,737.4461426,28.57,0.353675889,1.016920445,1,400,-28.57,-6885.96
11/17/2015 19:00,770.7849342,19.78,0.761347324,0.134219253,1,401,-19.78,-6905.74
11/17/2015 20:00,769.4625819,19.68,0.745177415,0.124177146,1,402,-19.68,-6925.42
11/17/2015 21:00,756.8801408,20.21,0.591317554,0.177400312,1,403,-20.21,-6945.63
11/17/2015 22:00,723.7757248,19.6,0.186512096,0.11614346,1,404,-19.6,-6965.23
11/17/2015 23:00,686.8789829,16.54,-0.264666455,-0.191145009,1,405,-16.54,-6981.77
11/18/2015 0:00,647.78911,14.18,-0.742662922,-0.428138731,1,406,-14.18,-6995.95
11/18/2015 1:00,624.1210236,14.31,-1.032079613,-0.415083992,1,407,-14.31,-7010.26
11/18/2015 2:00,613.7307102,13.98,-1.159133827,-0.448222945,1,408,-13.98,-7024.24
11/18/2015 3:00,614.2407803,13.88,-1.152896618,-0.458265052,1,409,-13.88,-7038.12
11/18/2015 4:00,619.2369423,15.29,-1.091802846,-0.316671345,1,410,-15.29,-7053.41
11/18/2015 5:00,628.9684136,13.95,-0.972805046,-0.451235577,1,411,-13.95,-7067.36
11/18/2015 6:00,670.8093239,18.99,-0.461168507,0.054886609,1,412,-18.99,-7086.35
11/18/2015 7:00,745.6155473,17.71,0.453572519,-0.073652359,1,413,-17.71,-7104.06
11/18/2015 8:00,760.1100771,17.43,0.630813669,-0.101770258,1,414,-17.43,-7121.49
11/18/2015 9:00,755.0576862,19.68,0.569032323,0.124177146,1,415,-19.68,-7141.17
11/18/2015 10:00,744.2493036,17.66,0.436865899,-0.078673413,1,416,-17.66,-7158.83
11/18/2015 11:00,737.2626703,17.28,0.351432364,-0.116833419,1,417,-17.28,-7176.11
11/18/2015 12:00,721.7746686,15.65,0.1620429,-0.280519761,1,418,-15.65,-7191.76
11/18/2015 13:00,716.028331,15.62,0.091775874,-0.283532393,1,419,-15.62,-7207.38
11/18/2015 14:00,712.9736608,16.02,0.054422938,-0.243363965,1,420,-16.02,-7223.4
11/18/2015 15:00,706.7653019,16.52,-0.021493748,-0.193153431,1,421,-16.52,-7239.92
11/18/2015 16:00,698.8988367,17.44,-0.117685992,-0.100766048,1,422,-17.44,-7257.36
11/18/2015 17:00,702.9674892,18.53,-0.067933937,0.008692917,1,423,-18.53,-7275.89
11/18/2015 18:00,730.2452626,19.66,0.265622515,0.122168724,1,424,-19.66,-7295.55
11/18/2015 19:00,754.6987347,17.71,0.564643013,-0.073652359,1,425,-17.71,-7313.26
11/18/2015 20:00,747.1322669,17.66,0.47211918,-0.078673413,1,426,-17.66,-7330.92
11/18/2015 21:00,736.218949,17.15,0.338669592,-0.129888158,1,427,-17.15,-7348.07
11/18/2015 22:00,710.3968417,16.7,0.022913231,-0.175077639,1,428,-16.7,-7364.77
11/18/2015 23:00,676.0663595,14.88,-0.396884736,-0.357843983,1,429,-14.88,-7379.65
11/19/2015 0:00,642.01126,13.43,-0.813315285,-0.503454533,1,430,-13.43,-7393.08
11/19/2015 1:00,628.9403386,13.19,-0.973148351,-0.527555589,1,431,-13.19,-7406.27
11/19/2015 2:00,624.7373757,13.27,-1.024542773,-0.519521904,1,432,-13.27,-7419.54
11/19/2015 3:00,624.7359473,12.64,-1.024560239,-0.582787177,1,433,-12.64,-7432.18
11/19/2015 4:00,631.6752334,-0.99,-0.939705672,-1.951526342,1,434,0.99,-7431.19
11/19/2015 5:00,638.7367221,7.97,-0.853356795,-1.051753567,1,435,-7.97,-7439.16
11/19/2015 6:00,680.4512782,14.97,-0.343265333,-0.348806087,1,436,-14.97,-7454.13
11/19/2015 7:00,748.8506476,16.04,0.493131781,-0.241355544,1,437,-16.04,-7470.17
11/19/2015 8:00,766.6055827,16.36,0.710241625,-0.209220802,1,438,-16.36,-7486.53
11/19/2015 9:00,759.6481345,16.63,0.62516497,-0.182107113,1,439,-16.63,-7503.16
11/19/2015 10:00,752.3327113,18.24,0.535710946,-0.020429193,1,440,-18.24,-7521.4
11/19/2015 11:00,742.9415093,21.31,0.420874006,0.287863488,1,441,-21.31,-7542.71
11/19/2015 12:00,736.4210253,22.32,0.34114061,0.389288767,1,442,-22.32,-7565.03
11/19/2015 13:00,722.4491224,24.5,0.170290216,0.608206696,1,443,-24.5,-7589.53
11/19/2015 14:00,714.9145662,23.1,0.078156602,0.4676172,1,444,-23.1,-7612.63
11/19/2015 15:00,706.2712412,58.27,-0.027535192,3.999426182,1,445,-58.27,-7670.9
11/19/2015 16:00,706.6976596,22.75,-0.022320888,0.432469826,1,446,-22.75,-7693.65
11/19/2015 17:00,709.4144164,21.33,0.010899996,0.289871909,1,447,-21.33,-7714.98
11/19/2015 18:00,725.4944226,49.64,0.207528575,3.13279236,1,448,-49.64,-7764.62
11/19/2015 19:00,761.7470113,20.68,0.650830331,0.224598214,1,449,-20.68,-7785.3
11/19/2015 20:00,755.770937,21.43,0.577754053,0.299914016,1,450,-21.43,-7806.73
11/19/2015 21:00,746.6030705,20.92,0.465648092,0.248699271,1,451,-20.92,-7827.65
11/19/2015 22:00,726.3036048,18.77,0.217423369,0.032793973,1,452,-18.77,-7846.42
11/19/2015 23:00,686.8166876,17.62,-0.265428211,-0.082690255,1,453,-17.62,-7864.04
11/20/2015 0:00,647.37625,16.75,-0.747711432,-0.170056585,1,454,-16.75,-7880.79
11/20/2015 1:00,628.866995,14.74,-0.974045207,-0.371902933,1,455,-14.74,-7895.53
11/20/2015 2:00,620.7821825,13.56,-1.072907432,-0.490399794,1,456,-13.56,-7909.09
11/20/2015 3:00,619.3839643,13.59,-1.090005041,-0.487387162,1,457,-13.59,-7922.68
11/20/2015 4:00,624.4244081,13.59,-1.028369785,-0.487387162,1,458,-13.59,-7936.27
11/20/2015 5:00,640.0084101,16.26,-0.837806415,-0.219262909,1,459,-16.26,-7952.53
11/20/2015 6:00,673.6638365,17.71,-0.426263125,-0.073652359,1,460,-17.71,-7970.24
11/20/2015 7:00,743.3396321,16.84,0.425742308,-0.161018689,1,461,-16.84,-7987.08
11/20/2015 8:00,758.2562249,16.87,0.608144504,-0.158006057,1,462,-16.87,-8003.95
11/20/2015 9:00,752.8287957,17.19,0.541777136,-0.125871315,1,463,-17.19,-8021.14
11/20/2015 10:00,747.8535152,17.02,0.480938706,-0.142942897,1,464,-17.02,-8038.16
11/20/2015 11:00,739.0391876,14.26,0.373155867,-0.420105046,1,465,-14.26,-8052.42
11/20/2015 12:00,727.4711928,13.11,0.2317008,-0.535589275,1,466,-13.11,-8065.53
11/20/2015 13:00,714.8507109,14.29,0.077375771,-0.417092414,1,467,-14.29,-8079.82
11/20/2015 14:00,713.1449902,16.54,0.056517978,-0.191145009,1,468,-16.54,-8096.36
11/20/2015 15:00,705.4495173,16.91,-0.037583348,-0.153989214,1,469,-16.91,-8113.27
11/20/2015 16:00,696.8073862,17.3,-0.143260543,-0.114824997,1,470,-17.3,-8130.57
11/20/2015 17:00,693.9672009,18.53,-0.177990729,0.008692917,1,471,-18.53,-8149.1
11/20/2015 18:00,708.5391003,18.25,0.000196508,-0.019424982,1,472,-18.25,-8167.35
11/20/2015 19:00,735.6724932,16.77,0.331987454,-0.168048164,1,473,-16.77,-8184.12
11/20/2015 20:00,725.5304409,14.22,0.207969011,-0.424121889,1,474,-14.22,-8198.34
11/20/2015 21:00,713.5134649,14.03,0.061023738,-0.443201892,1,475,-14.03,-8212.37
11/20/2015 22:00,701.6442634,15.85,-0.084114528,-0.260435547,1,476,-15.85,-8228.22
11/20/2015 23:00,673.2466296,13.73,-0.431364791,-0.473328212,1,477,-13.73,-8241.95
11/21/2015 0:00,645.39895,15.52,-0.771890135,-0.293574499,1,478,-15.52,-8257.47
11/21/2015 1:00,621.0943868,14.59,-1.069089754,-0.386966093,1,479,-14.59,-8272.06
11/21/2015 2:00,609.9902643,12.07,-1.204872527,-0.640027186,1,480,-12.07,-8284.13
11/21/2015 3:00,605.2446618,1.28,-1.262902422,-1.723570516,1,481,-1.28,-8285.41
11/21/2015 4:00,606.1529232,2.63,-1.251796073,-1.588002073,1,482,-2.63,-8288.04
11/21/2015 5:00,619.8250563,7.94,-1.084611306,-1.054766199,1,483,-7.94,-8295.98
11/21/2015 6:00,650.6125323,9.65,-0.708137716,-0.883046172,1,484,-9.65,-8305.63
11/21/2015 7:00,690.7220418,9.2,-0.21767299,-0.928235653,1,485,-9.2,-8314.83
11/21/2015 8:00,727.2102448,13.86,0.228509891,-0.460273473,1,486,-13.86,-8328.69
11/21/2015 9:00,763.528376,13.77,0.672613109,-0.469311369,1,487,-13.77,-8342.46
11/21/2015 10:00,790.1226732,14.78,0.997811918,-0.36788609,1,488,-14.78,-8357.24
11/21/2015 11:00,785.1845744,14.94,0.937428151,-0.351818719,1,489,-14.94,-8372.18
11/21/2015 12:00,770.6815454,14.5,0.760083071,-0.396003989,1,490,-14.5,-8386.68
11/21/2015 13:00,751.7901814,14.31,0.529076814,-0.415083992,1,491,-14.31,-8400.99
11/21/2015 14:00,734.6896279,15.61,0.319968839,-0.284536603,1,492,-15.61,-8416.6
11/21/2015 15:00,723.2641519,15.48,0.180256511,-0.297591342,1,493,-15.48,-8432.08
11/21/2015 16:00,724.7476134,15.35,0.198396487,-0.310646081,1,494,-15.35,-8447.43
11/21/2015 17:00,730.7852689,16.59,0.272225788,-0.186123956,1,495,-16.59,-8464.02
11/21/2015 18:00,768.0704619,18.34,0.728154375,-0.010387086,1,496,-18.34,-8482.36
11/21/2015 19:00,807.0846232,18.06,1.205225029,-0.038504985,1,497,-18.06,-8500.42
11/21/2015 20:00,808.5422642,18.59,1.223049269,0.014718181,1,498,-18.59,-8519.01
11/21/2015 21:00,808.1841744,17.94,1.218670496,-0.050555513,1,499,-17.94,-8536.95
11/21/2015 22:00,801.0204561,17.54,1.13107154,-0.090723941,1,500,-17.54,-8554.49
11/21/2015 23:00,780.0784961,16.56,0.874990306,-0.189136588,1,501,-16.56,-8571.05
11/22/2015 0:00,757.40885,15.29,0.597782684,-0.316671345,1,502,-15.29,-8586.34
11/22/2015 1:00,750.2857876,14.95,0.510680874,-0.350814509,1,503,-14.95,-8601.29
11/22/2015 2:00,748.9002696,14.63,0.493738565,-0.38294925,1,504,-14.63,-8615.92
11/22/2015 3:00,752.0660028,14.63,0.532449596,-0.38294925,1,505,-14.63,-8630.55
11/22/2015 4:00,764.4625355,14.58,0.684036143,-0.387970304,1,506,-14.58,-8645.13
11/22/2015 5:00,775.7096071,15.23,0.821566917,-0.322696609,1,507,-15.23,-8660.36
11/22/2015 6:00,798.866489,16.65,1.104732527,-0.180098692,1,508,-16.65,-8677.01
11/22/2015 7:00,829.1860541,16.76,1.475484437,-0.169052374,1,509,-16.76,-8693.77
11/22/2015 8:00,859.4355252,16.91,1.845379226,-0.153989214,1,510,-16.91,-8710.68
11/22/2015 9:00,865.7825959,18,1.922992099,-0.044530249,1,511,-18,-8728.68
11/22/2015 10:00,836.7634438,17.85,1.568141823,-0.05959341,1,512,-17.85,-8746.53
11/22/2015 11:00,794.1032268,17.77,1.046486687,-0.067627095,1,513,-17.77,-8764.3
11/22/2015 12:00,753.1262525,17.58,0.54541448,-0.086707098,1,514,-17.58,-8781.88
11/22/2015 13:00,733.8317404,17.07,0.30947847,-0.137921843,1,515,-17.07,-8798.95
11/22/2015 14:00,710.632365,16.9,0.025793243,-0.154993425,1,516,-16.9,-8815.85
11/22/2015 15:00,690.8796375,16.87,-0.215745888,-0.158006057,1,517,-16.87,-8832.72
11/22/2015 16:00,691.9772644,16.87,-0.202323952,-0.158006057,1,518,-16.87,-8849.59
11/22/2015 17:00,706.4873326,16.96,-0.024892796,-0.148968161,1,519,-16.96,-8866.55
11/22/2015 18:00,748.4269211,18.62,0.487950393,0.017730813,1,520,-18.62,-8885.17
11/22/2015 19:00,786.9559438,18.4,0.959088705,-0.004361822,1,521,-18.4,-8903.57
11/22/2015 20:00,791.0815009,18.13,1.009536598,-0.03147551,1,522,-18.13,-8921.7
11/22/2015 21:00,787.5224235,17.88,0.966015698,-0.056580778,1,523,-17.88,-8939.58
11/22/2015 22:00,770.7179877,16.94,0.760528693,-0.150976582,1,524,-16.94,-8956.52
11/22/2015 23:00,739.9568137,15.46,0.384376729,-0.299599764,1,525,-15.46,-8971.98
11/23/2015 0:00,712.79976,14.52,0.052296454,-0.393995568,1,526,-14.52,-8986.5
11/23/2015 1:00,697.6605856,14.62,-0.132827501,-0.383953461,1,527,-14.62,-9001.12
11/23/2015 2:00,696.0061979,14.64,-0.153057586,-0.38194504,1,528,-14.64,-9015.76
11/23/2015 3:00,697.1679347,15.64,-0.138851705,-0.281523971,1,529,-15.64,-9031.4
11/23/2015 4:00,710.8007098,16.61,0.027851787,-0.184115535,1,530,-16.61,-9048.01
11/23/2015 5:00,733.8581546,16.94,0.309801467,-0.150976582,1,531,-16.94,-9064.95
11/23/2015 6:00,785.908174,21.11,0.946276428,0.267779274,1,532,-21.11,-9086.06
11/23/2015 7:00,854.0112945,22.49,1.77905097,0.406360349,1,533,-22.49,-9108.55
11/23/2015 8:00,882.2257692,21.38,2.124061536,0.294892962,1,534,-21.38,-9129.93
11/23/2015 9:00,859.3123358,21.32,1.843872848,0.288867698,1,535,-21.32,-9151.25
11/23/2015 10:00,828.3833308,21.09,1.465668623,0.265770853,1,536,-21.09,-9172.34
11/23/2015 11:00,797.3951132,19.24,1.086740338,0.079991876,1,537,-19.24,-9191.58
11/23/2015 12:00,764.3205012,17.87,0.682299328,-0.057584988,1,538,-17.87,-9209.45
11/23/2015 13:00,732.295381,17.6,0.290691652,-0.084698677,1,539,-17.6,-9227.05
11/23/2015 14:00,729.7112638,16.68,0.259092703,-0.17708606,1,540,-16.68,-9243.73
11/23/2015 15:00,721.0385201,16.16,0.153041172,-0.229305016,1,541,-16.16,-9259.89
11/23/2015 16:00,714.2799196,15.79,0.070396055,-0.266460811,1,542,-15.79,-9275.68
11/23/2015 17:00,724.3068256,15.97,0.193006472,-0.248385019,1,543,-15.97,-9291.65
11/23/2015 18:00,762.0612801,17.81,0.654673254,-0.063610252,1,544,-17.81,-9309.46
11/23/2015 19:00,799.345712,16.18,1.110592534,-0.227296594,1,545,-16.18,-9325.64
11/23/2015 20:00,802.0320656,13.63,1.143441643,-0.483370319,1,546,-13.63,-9339.27
11/23/2015 21:00,796.1715744,12.78,1.071778733,-0.568728227,1,547,-12.78,-9352.05
11/23/2015 22:00,775.3175703,11.36,0.816773036,-0.711326145,1,548,-11.36,-9363.41
11/23/2015 23:00,737.6933673,9.24,0.356698987,-0.92421881,1,549,-9.24,-9372.65
11/24/2015 0:00,698.68032,6.61,-0.120358045,-1.18832622,1,550,-6.61,-9379.26
11/24/2015 1:00,671.0099899,14.06,-0.458714735,-0.44018926,1,551,-14.06,-9393.32
11/24/2015 2:00,663.4037028,13.73,-0.551725484,-0.473328212,1,552,-13.73,-9407.05
11/24/2015 3:00,661.8712036,13.7,-0.5704651,-0.476340844,1,553,-13.7,-9420.75
11/24/2015 4:00,673.0470248,13.92,-0.433805586,-0.454248209,1,554,-13.92,-9434.67
11/24/2015 5:00,689.0629557,14.77,-0.237960529,-0.368890301,1,555,-14.77,-9449.44
11/24/2015 6:00,716.9586166,15.95,0.103151539,-0.25039344,1,556,-15.95,-9465.39
11/24/2015 7:00,776.285826,16.87,0.828613003,-0.158006057,1,557,-16.87,-9482.26
11/24/2015 8:00,797.6511831,16.79,1.089871596,-0.166039742,1,558,-16.79,-9499.05
11/24/2015 9:00,798.1924605,17.85,1.096490412,-0.05959341,1,559,-17.85,-9516.9
11/24/2015 10:00,795.4215018,17.75,1.06260674,-0.069635517,1,560,-17.75,-9534.65
11/24/2015 11:00,778.5928658,17.65,0.85682381,-0.079677623,1,561,-17.65,-9552.3
11/24/2015 12:00,763.1139168,17.5,0.667545044,-0.094740784,1,562,-17.5,-9569.8
11/24/2015 13:00,747.8171745,17.09,0.480494326,-0.135913422,1,563,-17.09,-9586.89
11/24/2015 14:00,742.3285885,16.8,0.413379125,-0.165035532,1,564,-16.8,-9603.69
11/24/2015 15:00,738.2529575,16.56,0.363541735,-0.189136588,1,565,-16.56,-9620.25
11/24/2015 16:00,731.8305243,16.34,0.285007319,-0.211229223,1,566,-16.34,-9636.59
11/24/2015 17:00,740.3648091,17.21,0.389365753,-0.123862894,1,567,-17.21,-9653.8
11/24/2015 18:00,765.0777337,17.42,0.691558873,-0.102774469,1,568,-17.42,-9671.22
11/24/2015 19:00,789.441268,16.48,0.989479599,-0.197170274,1,569,-16.48,-9687.7
11/24/2015 20:00,784.9427751,16.11,0.934471395,-0.234326069,1,570,-16.11,-9703.81
11/24/2015 21:00,771.2281647,15.85,0.766767209,-0.260435547,1,571,-15.85,-9719.66
11/24/2015 22:00,742.6416328,14.73,0.417207074,-0.372907144,1,572,-14.73,-9734.39
11/24/2015 23:00,709.2313041,12.64,0.008660873,-0.582787177,1,573,-12.64,-9747.03
11/25/2015 0:00,669.94961,3.06,-0.47168121,-1.544821014,1,574,-3.06,-9750.09
11/25/2015 1:00,642.1856398,5.28,-0.811182945,-1.321886242,1,575,-5.28,-9755.37
11/25/2015 2:00,625.7755187,8,-1.011848214,-1.048740935,1,576,-8,-9763.37
11/25/2015 3:00,617.4337357,10,-1.113852711,-0.847898798,1,577,-10,-9773.37
11/25/2015 4:00,615.3341174,9.15,-1.139527138,-0.933256706,1,578,-9.15,-9782.52
11/25/2015 5:00,623.1697703,12.35,-1.043711673,-0.611909287,1,579,-12.35,-9794.87
11/25/2015 6:00,641.9262007,13.81,-0.814355402,-0.465294527,1,580,-13.81,-9808.68
11/25/2015 7:00,680.9557399,15.58,-0.337096705,-0.287549235,1,581,-15.58,-9824.26
11/25/2015 8:00,701.1810436,16.97,-0.089778845,-0.14796395,1,582,-16.97,-9841.23
11/25/2015 9:00,723.5019315,17.03,0.183164114,-0.141938686,1,583,-17.03,-9858.26
11/25/2015 10:00,738.6755358,17.24,0.368709081,-0.120850261,1,584,-17.24,-9875.5
11/25/2015 11:00,750.9964592,16.88,0.519371068,-0.157001846,1,585,-16.88,-9892.38
11/25/2015 12:00,743.1044441,16.64,0.422866396,-0.181102903,1,586,-16.64,-9909.02
11/25/2015 13:00,737.4002496,16.67,0.353114703,-0.178090271,1,587,-16.67,-9925.69
11/25/2015 14:00,735.1824437,16.12,0.325995061,-0.233321858,1,588,-16.12,-9941.81
11/25/2015 15:00,726.555862,16.26,0.220508005,-0.219262909,1,589,-16.26,-9958.07
11/25/2015 16:00,718.8925247,16.11,0.126799639,-0.234326069,1,590,-16.11,-9974.18
11/25/2015 17:00,716.694122,17.24,0.09991726,-0.120850261,1,591,-17.24,-9991.42
11/25/2015 18:00,739.6161708,17.7,0.3802113,-0.07465657,1,592,-17.7,-10009.12
11/25/2015 19:00,755.1803774,15.41,0.570532607,-0.304620817,1,593,-15.41,-10024.53
11/25/2015 20:00,746.9922613,14.83,0.470407172,-0.362865037,1,594,-14.83,-10039.36
11/25/2015 21:00,734.3505894,13.46,0.315823029,-0.500441901,1,595,-13.46,-10052.82
11/25/2015 22:00,712.6711951,14.85,0.050724344,-0.360856615,1,596,-14.85,-10067.67
11/25/2015 23:00,682.1305339,14.91,-0.322731159,-0.354831351,1,597,-14.91,-10082.58
11/26/2015 0:00,650.42376,10.67,-0.710446051,-0.780616682,1,598,-10.67,-10093.25
11/26/2015 1:00,623.9232381,6.24,-1.034498162,-1.225482016,1,599,-6.24,-10099.49
11/26/2015 2:00,602.5250137,0.14,-1.296158661,-1.838050534,1,600,-0.14,-10099.63
11/26/2015 3:00,589.9665729,0.27,-1.449725043,-1.824995795,1,601,-0.27,-10099.9
11/26/2015 4:00,584.7902117,6.08,-1.513022315,-1.241549387,1,602,-6.08,-10105.98
11/26/2015 5:00,578.6551204,8.52,-1.588043075,-0.996521979,1,603,-8.52,-10114.5
11/26/2015 6:00,590.3818481,14.13,-1.444646998,-0.433159785,1,604,-14.13,-10128.63
11/26/2015 7:00,611.7642004,16.52,-1.183180586,-0.193153431,1,605,-16.52,-10145.15
11/26/2015 8:00,642.3404365,18.04,-0.809290068,-0.040513407,1,606,-18.04,-10163.19
11/26/2015 9:00,686.4188049,19.33,-0.270293577,0.089029772,1,607,-19.33,-10182.52
11/26/2015 10:00,731.9841153,58.2,0.28688545,3.992396707,1,608,-58.2,-10240.72
11/26/2015 11:00,758.7470287,22.63,0.614146122,0.420419298,1,609,-22.63,-10263.35
11/26/2015 12:00,751.0703736,19.6,0.520274903,0.11614346,1,610,-19.6,-10282.95
11/26/2015 13:00,714.9378103,19.65,0.078440834,0.121164514,1,611,-19.65,-10302.6
11/26/2015 14:00,684.6529445,17.72,-0.291886766,-0.072648149,1,612,-17.72,-10320.32
11/26/2015 15:00,663.6772217,17.67,-0.548380856,-0.077669202,1,613,-17.67,-10337.99
11/26/2015 16:00,658.3739102,16.14,-0.613230495,-0.231313437,1,614,-16.14,-10354.13
11/26/2015 17:00,658.5379625,17.58,-0.611224441,-0.086707098,1,615,-17.58,-10371.71
11/26/2015 18:00,677.4853014,17.79,-0.379533715,-0.065618674,1,616,-17.79,-10389.5
11/26/2015 19:00,681.6598176,18.01,-0.328487143,-0.043526039,1,617,-18.01,-10407.51
11/26/2015 20:00,677.6215619,20.88,-0.377867503,0.244682428,1,618,-20.88,-10428.39
11/26/2015 21:00,669.1300078,21.23,-0.481703421,0.279829802,1,619,-21.23,-10449.62
11/26/2015 22:00,659.6000314,18.37,-0.598237313,-0.007374454,1,620,-18.37,-10467.99
11/26/2015 23:00,647.5426427,32.86,-0.745676759,1.44772683,1,621,-32.86,-10500.85
11/27/2015 0:00,628.10102,18.6,-0.983411657,0.015722392,1,622,-18.6,-10519.45
11/27/2015 1:00,617.1300746,16.76,-1.117565921,-0.169052374,1,623,-16.76,-10536.21
11/27/2015 2:00,602.1967642,15.78,-1.300172542,-0.267465022,1,624,-15.78,-10551.99
11/27/2015 3:00,600.3058327,13.76,-1.323295119,-0.47031558,1,625,-13.76,-10565.75
11/27/2015 4:00,601.9473611,12.78,-1.303222278,-0.568728227,1,626,-12.78,-10578.53
11/27/2015 5:00,609.9510882,12.62,-1.205351578,-0.584795598,1,627,-12.62,-10591.15
11/27/2015 6:00,636.0425704,13.28,-0.886301262,-0.518517693,1,628,-13.28,-10604.43
11/27/2015 7:00,668.3218174,12.83,-0.491586087,-0.563707174,1,629,-12.83,-10617.26
11/27/2015 8:00,699.4939475,14.18,-0.110408893,-0.428138731,1,630,-14.18,-10631.44
11/27/2015 9:00,739.5060018,16.32,0.378864137,-0.213237645,1,631,-16.32,-10647.76
11/27/2015 10:00,770.6865664,17.48,0.760144468,-0.096749205,1,632,-17.48,-10665.24
11/27/2015 11:00,793.72818,18.55,1.041900562,0.010701338,1,633,-18.55,-10683.79
11/27/2015 12:00,810.7530053,21.46,1.250082521,0.302926648,1,634,-21.46,-10705.25
11/27/2015 13:00,813.4530854,21.07,1.283099481,0.263762431,1,635,-21.07,-10726.32
11/27/2015 14:00,821.5391638,31.33,1.381977186,1.294082595,1,636,-31.33,-10757.65
11/27/2015 15:00,824.5828032,21.33,1.419195237,0.289871909,1,637,-21.33,-10778.98
11/27/2015 16:00,833.8698274,22.66,1.532758276,0.42343193,1,638,-22.66,-10801.64
11/27/2015 17:00,845.9102533,93.82,1.679990297,7.56939517,1,639,-93.82,-10895.46
11/27/2015 18:00,875.7495919,32.55,2.044869929,1.416596298,1,640,-32.55,-10928.01
11/27/2015 19:00,900.893004,38.89,2.35232711,2.053265873,1,641,-38.89,-10966.9
11/27/2015 20:00,893.3420453,23.29,2.259992925,0.486697203,1,642,-23.29,-10990.19
11/27/2015 21:00,882.4770291,76.7,2.127133977,5.850186476,1,643,-76.7,-11066.89
11/27/2015 22:00,863.2329946,44.84,1.891815215,2.650771231,1,644,-44.84,-11111.73
11/27/2015 23:00,832.7893799,20.74,1.519546412,0.230623479,1,645,-20.74,-11132.47
11/28/2015 0:00,808.5259,43.41,1.222849165,2.507169103,1,646,-43.41,-11175.88
11/28/2015 1:00,801.9422902,73.94,1.142343858,5.573024327,1,647,-73.94,-11249.82
11/28/2015 2:00,790.2762228,19.43,0.999689543,0.099071879,1,648,-19.43,-11269.25
11/28/2015 3:00,786.2629294,28.27,0.950614427,0.986794125,1,649,-28.27,-11297.52
11/28/2015 4:00,788.7633226,21.45,0.981189587,0.301922437,1,650,-21.45,-11318.97
11/28/2015 5:00,798.8706282,19.71,1.104783142,0.127189778,1,651,-19.71,-11338.68
11/28/2015 6:00,819.5307429,22.18,1.357417932,0.375229817,1,652,-22.18,-11360.86
11/28/2015 7:00,845.8200602,46.54,1.678887403,2.821487048,1,653,-46.54,-11407.4
11/28/2015 8:00,874.7700828,25.53,2.032892353,0.711640397,1,654,-25.53,-11432.93
11/28/2015 9:00,904.2225203,24.97,2.393040903,0.655404599,1,655,-24.97,-11457.9
11/28/2015 10:00,928.4484673,56.82,2.689279192,3.853815633,1,656,-56.82,-11514.72
11/28/2015 11:00,932.4249284,23.44,2.737903919,0.501760364,1,657,-23.44,-11538.16
11/28/2015 12:00,925.8265774,26.75,2.657218354,0.834154101,1,658,-26.75,-11564.91
11/28/2015 13:00,911.1757268,21.94,2.478065692,0.351128761,1,659,-21.94,-11586.85
11/28/2015 14:00,897.7276341,20.91,2.313620522,0.24769506,1,660,-20.91,-11607.76
11/28/2015 15:00,885.1055518,20.62,2.159275923,0.21857295,1,661,-20.62,-11628.38
11/28/2015 16:00,876.8237218,20.8,2.058004541,0.236648743,1,662,-20.8,-11649.18
11/28/2015 17:00,880.7939021,30.19,2.106552464,1.179602577,1,663,-30.19,-11679.37
11/28/2015 18:00,911.9469075,23.12,2.487495798,0.469625622,1,664,-23.12,-11702.49
11/28/2015 19:00,916.8206655,25.93,2.547092796,0.751808824,1,665,-25.93,-11728.42
11/28/2015 20:00,903.2856967,23.58,2.381585293,0.515819313,1,666,-23.58,-11752
11/28/2015 21:00,888.8660263,25.12,2.205259535,0.670467759,1,667,-25.12,-11777.12
11/28/2015 22:00,866.6388595,21.43,1.933462611,0.299914016,1,668,-21.43,-11798.55
11/28/2015 23:00,837.0249239,20.47,1.571339239,0.20350979,1,669,-20.47,-11819.02
11/29/2015 0:00,805.64549,22.04,1.187627106,0.361170868,1,670,-22.04,-11841.06
11/29/2015 1:00,794.1856899,20.84,1.047495057,0.240665585,1,671,-20.84,-11861.9
11/29/2015 2:00,779.7538974,19.9,0.871021068,0.146269781,1,672,-19.9,-11881.8
11/29/2015 3:00,771.6872767,19.5,0.772381295,0.106101353,1,673,-19.5,-11901.3
11/29/2015 4:00,774.3400955,19.6,0.804820337,0.11614346,1,674,-19.6,-11920.9
11/29/2015 5:00,781.7630114,20.21,0.895588796,0.177400312,1,675,-20.21,-11941.11
11/29/2015 6:00,798.7653031,18.95,1.103495212,0.050869766,1,676,-18.95,-11960.06
11/29/2015 7:00,819.939682,20.44,1.362418497,0.200497158,1,677,-20.44,-11980.5
11/29/2015 8:00,848.2275626,24.07,1.708326682,0.565025637,1,678,-24.07,-12004.57
11/29/2015 9:00,878.7125794,25.28,2.081101756,0.68653513,1,679,-25.28,-12029.85
11/29/2015 10:00,897.6927073,25.49,2.313193432,0.707623554,1,680,-25.49,-12055.34
11/29/2015 11:00,892.2025266,27.14,2.246058729,0.873318317,1,681,-27.14,-12082.48
11/29/2015 12:00,880.7930603,25.79,2.10654217,0.737749875,1,682,-25.79,-12108.27
11/29/2015 13:00,876.6220609,25.09,2.055538602,0.667455127,1,683,-25.09,-12133.36
11/29/2015 14:00,866.1704403,21.54,1.927734715,0.310960333,1,684,-21.54,-12154.9
11/29/2015 15:00,855.6133295,21.16,1.798640879,0.272800327,1,685,-21.16,-12176.06
11/29/2015 16:00,855.2651583,20.61,1.794383392,0.21756874,1,686,-20.61,-12196.67
11/29/2015 17:00,863.9297496,27.79,1.900335234,0.938592012,1,687,-27.79,-12224.46
11/29/2015 18:00,898.1034347,24.15,2.318215864,0.573059322,1,688,-24.15,-12248.61
11/29/2015 19:00,910.937492,155.54,2.475152523,13.76738352,1,689,-155.54,-12404.15
11/29/2015 20:00,912.3989059,25.3,2.493022898,0.688543551,1,690,-25.3,-12429.45
11/29/2015 21:00,892.6352312,37.14,2.251349902,1.877529003,1,691,-37.14,-12466.59
11/29/2015 22:00,861.4929711,22.24,1.870537963,0.381255081,1,692,-22.24,-12488.83
11/29/2015 23:00,815.2978771,20.24,1.305657853,0.180412944,1,693,-20.24,-12509.07
11/30/2015 0:00,778.73724,18.07,0.858589238,-0.037500775,1,694,-18.07,-12527.14
11/30/2015 1:00,758.8690334,18.28,0.615638013,-0.01641235,1,695,-18.28,-12545.42
11/30/2015 2:00,751.6931977,18.25,0.527890883,-0.019424982,1,696,-18.25,-12563.67
11/30/2015 3:00,731.7825848,18.56,0.284421107,0.011705549,1,697,-18.56,-12582.23
11/30/2015 4:00,730.1718707,18.73,0.264725068,0.028777131,1,698,-18.73,-12600.96
11/30/2015 5:00,746.1827405,19.68,0.460508238,0.124177146,1,699,-19.68,-12620.64
11/30/2015 6:00,794.7654777,46.81,1.054584785,2.848600736,1,700,-46.81,-12667.45
11/30/2015 7:00,866.8875324,121.46,1.936503418,10.34503351,1,701,-121.46,-12788.91
11/30/2015 8:00,896.1885297,47.32,2.294800136,2.899815481,1,702,-47.32,-12836.23
11/30/2015 9:00,883.6357073,25.13,2.141302457,0.67147197,1,703,-25.13,-12861.36
11/30/2015 10:00,876.341849,26.02,2.052112132,0.760846721,1,704,-26.02,-12887.38
11/30/2015 11:00,868.5058798,22.68,1.956292797,0.425440352,1,705,-22.68,-12910.06
11/30/2015 12:00,858.503563,20.49,1.833983061,0.205518211,1,706,-20.49,-12930.55
11/30/2015 13:00,816.9184442,20.3,1.325474376,0.186438208,1,707,-20.3,-12950.85
11/30/2015 14:00,811.2813505,19.46,1.256543201,0.102084511,1,708,-19.46,-12970.31
11/30/2015 15:00,804.6910057,19.07,1.175955538,0.062920294,1,709,-19.07,-12989.38
11/30/2015 16:00,804.8622251,20.33,1.178049232,0.18945084,1,710,-20.33,-13009.71
11/30/2015 17:00,819.0190152,23.62,1.351160454,0.519836156,1,711,-23.62,-13033.33
11/30/2015 18:00,861.150018,34.31,1.866344284,1.593337379,1,712,-34.31,-13067.64
11/30/2015 19:00,889.8716075,30.65,2.217555923,1.225796268,1,713,-30.65,-13098.29
11/30/2015 20:00,891.8534631,60.19,2.241790332,4.192234634,1,714,-60.19,-13158.48
11/30/2015 21:00,887.6766121,23.69,2.19071521,0.526865631,1,715,-23.69,-13182.17
11/30/2015 22:00,858.4720233,21.27,1.833597388,0.283846645,1,716,-21.27,-13203.44
11/30/2015 23:00,815.3251632,19.13,1.305991512,0.068945558,1,717,-19.13,-13222.57
